"","region","year","happiness","continent"
"1","Afghanistan",2008,3.724,"Asia"
"2","Afghanistan",2009,4.402,"Asia"
"3","Afghanistan",2010,4.758,"Asia"
"4","Afghanistan",2011,3.832,"Asia"
"5","Afghanistan",2012,3.783,"Asia"
"6","Afghanistan",2013,3.572,"Asia"
"7","Afghanistan",2014,3.131,"Asia"
"8","Afghanistan",2015,3.983,"Asia"
"9","Afghanistan",2016,4.22,"Asia"
"10","Afghanistan",2017,2.662,"Asia"
"11","Afghanistan",2018,2.694,"Asia"
"12","Afghanistan",2019,2.375,"Asia"
"13","Albania",2007,4.634,"Europe"
"14","Albania",2009,5.485,"Europe"
"15","Albania",2010,5.269,"Europe"
"16","Albania",2011,5.867,"Europe"
"17","Albania",2012,5.51,"Europe"
"18","Albania",2013,4.551,"Europe"
"19","Albania",2014,4.814,"Europe"
"20","Albania",2015,4.607,"Europe"
"21","Albania",2016,4.511,"Europe"
"22","Albania",2017,4.64,"Europe"
"23","Albania",2018,5.004,"Europe"
"24","Albania",2019,4.995,"Europe"
"25","Albania",2020,5.365,"Europe"
"26","Algeria",2010,5.464,"Africa"
"27","Algeria",2011,5.317,"Africa"
"28","Algeria",2012,5.605,"Africa"
"29","Algeria",2014,6.355,"Africa"
"30","Algeria",2016,5.341,"Africa"
"31","Algeria",2017,5.249,"Africa"
"32","Algeria",2018,5.043,"Africa"
"33","Algeria",2019,4.745,"Africa"
"34","Angola",2011,5.589,"Africa"
"35","Angola",2012,4.36,"Africa"
"36","Angola",2013,3.937,"Africa"
"37","Angola",2014,3.795,"Africa"
"38","Argentina",2006,6.313,"South America"
"39","Argentina",2007,6.073,"South America"
"40","Argentina",2008,5.961,"South America"
"41","Argentina",2009,6.424,"South America"
"42","Argentina",2010,6.441,"South America"
"43","Argentina",2011,6.776,"South America"
"44","Argentina",2012,6.468,"South America"
"45","Argentina",2013,6.582,"South America"
"46","Argentina",2014,6.671,"South America"
"47","Argentina",2015,6.697,"South America"
"48","Argentina",2016,6.427,"South America"
"49","Argentina",2017,6.039,"South America"
"50","Argentina",2018,5.793,"South America"
"51","Argentina",2019,6.086,"South America"
"52","Argentina",2020,5.901,"South America"
"53","Armenia",2006,4.289,"Europe"
"54","Armenia",2007,4.882,"Europe"
"55","Armenia",2008,4.652,"Europe"
"56","Armenia",2009,4.178,"Europe"
"57","Armenia",2010,4.368,"Europe"
"58","Armenia",2011,4.26,"Europe"
"59","Armenia",2012,4.32,"Europe"
"60","Armenia",2013,4.277,"Europe"
"61","Armenia",2014,4.453,"Europe"
"62","Armenia",2015,4.348,"Europe"
"63","Armenia",2016,4.325,"Europe"
"64","Armenia",2017,4.288,"Europe"
"65","Armenia",2018,5.062,"Europe"
"66","Armenia",2019,5.488,"Europe"
"67","Australia",2005,7.341,"Oceania"
"68","Australia",2007,7.285,"Oceania"
"69","Australia",2008,7.254,"Oceania"
"70","Australia",2010,7.45,"Oceania"
"71","Australia",2011,7.406,"Oceania"
"72","Australia",2012,7.196,"Oceania"
"73","Australia",2013,7.364,"Oceania"
"74","Australia",2014,7.289,"Oceania"
"75","Australia",2015,7.309,"Oceania"
"76","Australia",2016,7.25,"Oceania"
"77","Australia",2017,7.257,"Oceania"
"78","Australia",2018,7.177,"Oceania"
"79","Australia",2019,7.234,"Oceania"
"80","Australia",2020,7.137,"Oceania"
"81","Austria",2006,7.122,"Europe"
"82","Austria",2008,7.181,"Europe"
"83","Austria",2010,7.303,"Europe"
"84","Austria",2011,7.471,"Europe"
"85","Austria",2012,7.401,"Europe"
"86","Austria",2013,7.499,"Europe"
"87","Austria",2014,6.95,"Europe"
"88","Austria",2015,7.076,"Europe"
"89","Austria",2016,7.048,"Europe"
"90","Austria",2017,7.294,"Europe"
"91","Austria",2018,7.396,"Europe"
"92","Austria",2019,7.195,"Europe"
"93","Austria",2020,7.213,"Europe"
"94","Azerbaijan",2006,4.728,"Europe"
"95","Azerbaijan",2007,4.568,"Europe"
"96","Azerbaijan",2008,4.817,"Europe"
"97","Azerbaijan",2009,4.574,"Europe"
"98","Azerbaijan",2010,4.219,"Europe"
"99","Azerbaijan",2011,4.68,"Europe"
"100","Azerbaijan",2012,4.911,"Europe"
"101","Azerbaijan",2013,5.481,"Europe"
"102","Azerbaijan",2014,5.252,"Europe"
"103","Azerbaijan",2015,5.147,"Europe"
"104","Azerbaijan",2016,5.304,"Europe"
"105","Azerbaijan",2017,5.152,"Europe"
"106","Azerbaijan",2018,5.168,"Europe"
"107","Azerbaijan",2019,5.173,"Europe"
"108","Bahrain",2009,5.701,"Asia"
"109","Bahrain",2010,5.937,"Asia"
"110","Bahrain",2011,4.824,"Asia"
"111","Bahrain",2012,5.027,"Asia"
"112","Bahrain",2013,6.69,"Asia"
"113","Bahrain",2014,6.165,"Asia"
"114","Bahrain",2015,6.007,"Asia"
"115","Bahrain",2016,6.17,"Asia"
"116","Bahrain",2017,6.227,"Asia"
"117","Bahrain",2019,7.098,"Asia"
"118","Bahrain",2020,6.173,"Asia"
"119","Bangladesh",2006,4.319,"Asia"
"120","Bangladesh",2007,4.607,"Asia"
"121","Bangladesh",2008,5.052,"Asia"
"122","Bangladesh",2009,5.083,"Asia"
"123","Bangladesh",2010,4.858,"Asia"
"124","Bangladesh",2011,4.986,"Asia"
"125","Bangladesh",2012,4.724,"Asia"
"126","Bangladesh",2013,4.66,"Asia"
"127","Bangladesh",2014,4.636,"Asia"
"128","Bangladesh",2015,4.633,"Asia"
"129","Bangladesh",2016,4.556,"Asia"
"130","Bangladesh",2017,4.31,"Asia"
"131","Bangladesh",2018,4.499,"Asia"
"132","Bangladesh",2019,5.114,"Asia"
"133","Bangladesh",2020,5.28,"Asia"
"134","Belarus",2006,5.658,"Europe"
"135","Belarus",2007,5.617,"Europe"
"136","Belarus",2008,5.463,"Europe"
"137","Belarus",2009,5.564,"Europe"
"138","Belarus",2010,5.526,"Europe"
"139","Belarus",2011,5.225,"Europe"
"140","Belarus",2012,5.749,"Europe"
"141","Belarus",2013,5.876,"Europe"
"142","Belarus",2014,5.812,"Europe"
"143","Belarus",2015,5.719,"Europe"
"144","Belarus",2016,5.178,"Europe"
"145","Belarus",2017,5.553,"Europe"
"146","Belarus",2018,5.234,"Europe"
"147","Belarus",2019,5.821,"Europe"
"148","Belgium",2005,7.262,"Europe"
"149","Belgium",2007,7.219,"Europe"
"150","Belgium",2008,7.117,"Europe"
"151","Belgium",2010,6.854,"Europe"
"152","Belgium",2011,7.111,"Europe"
"153","Belgium",2012,6.935,"Europe"
"154","Belgium",2013,7.104,"Europe"
"155","Belgium",2014,6.855,"Europe"
"156","Belgium",2015,6.904,"Europe"
"157","Belgium",2016,6.949,"Europe"
"158","Belgium",2017,6.928,"Europe"
"159","Belgium",2018,6.892,"Europe"
"160","Belgium",2019,6.772,"Europe"
"161","Belgium",2020,6.839,"Europe"
"162","Belize",2007,6.451,"North America"
"163","Belize",2014,5.956,"North America"
"164","Benin",2006,3.33,"Africa"
"165","Benin",2008,3.667,"Africa"
"166","Benin",2011,3.87,"Africa"
"167","Benin",2012,3.193,"Africa"
"168","Benin",2013,3.479,"Africa"
"169","Benin",2014,3.347,"Africa"
"170","Benin",2015,3.625,"Africa"
"171","Benin",2016,4.007,"Africa"
"172","Benin",2017,4.853,"Africa"
"173","Benin",2018,5.82,"Africa"
"174","Benin",2019,4.976,"Africa"
"175","Benin",2020,4.408,"Africa"
"176","Bhutan",2013,5.569,"Asia"
"177","Bhutan",2014,4.939,"Asia"
"178","Bhutan",2015,5.082,"Asia"
"179","Bolivia",2006,5.374,"South America"
"180","Bolivia",2007,5.628,"South America"
"181","Bolivia",2008,5.298,"South America"
"182","Bolivia",2009,6.086,"South America"
"183","Bolivia",2010,5.781,"South America"
"184","Bolivia",2011,5.779,"South America"
"185","Bolivia",2012,6.019,"South America"
"186","Bolivia",2013,5.767,"South America"
"187","Bolivia",2014,5.865,"South America"
"188","Bolivia",2015,5.834,"South America"
"189","Bolivia",2016,5.77,"South America"
"190","Bolivia",2017,5.651,"South America"
"191","Bolivia",2018,5.916,"South America"
"192","Bolivia",2019,5.674,"South America"
"193","Bolivia",2020,5.559,"South America"
"194","Bosnia and Herzegovina",2007,4.9,"Europe"
"195","Bosnia and Herzegovina",2009,4.963,"Europe"
"196","Bosnia and Herzegovina",2010,4.669,"Europe"
"197","Bosnia and Herzegovina",2011,4.995,"Europe"
"198","Bosnia and Herzegovina",2012,4.773,"Europe"
"199","Bosnia and Herzegovina",2013,5.124,"Europe"
"200","Bosnia and Herzegovina",2014,5.249,"Europe"
"201","Bosnia and Herzegovina",2015,5.117,"Europe"
"202","Bosnia and Herzegovina",2016,5.181,"Europe"
"203","Bosnia and Herzegovina",2017,5.09,"Europe"
"204","Bosnia and Herzegovina",2018,5.887,"Europe"
"205","Bosnia and Herzegovina",2019,6.016,"Europe"
"206","Bosnia and Herzegovina",2020,5.516,"Europe"
"207","Botswana",2006,4.739,"Africa"
"208","Botswana",2008,5.451,"Africa"
"209","Botswana",2010,3.553,"Africa"
"210","Botswana",2011,3.52,"Africa"
"211","Botswana",2012,4.836,"Africa"
"212","Botswana",2013,4.128,"Africa"
"213","Botswana",2014,4.031,"Africa"
"214","Botswana",2015,3.762,"Africa"
"215","Botswana",2016,3.499,"Africa"
"216","Botswana",2017,3.505,"Africa"
"217","Botswana",2018,3.461,"Africa"
"218","Botswana",2019,3.471,"Africa"
"219","Brazil",2005,6.637,"South America"
"220","Brazil",2007,6.321,"South America"
"221","Brazil",2008,6.691,"South America"
"222","Brazil",2009,7.001,"South America"
"223","Brazil",2010,6.837,"South America"
"224","Brazil",2011,7.038,"South America"
"225","Brazil",2012,6.66,"South America"
"226","Brazil",2013,7.14,"South America"
"227","Brazil",2014,6.981,"South America"
"228","Brazil",2015,6.547,"South America"
"229","Brazil",2016,6.375,"South America"
"230","Brazil",2017,6.333,"South America"
"231","Brazil",2018,6.191,"South America"
"232","Brazil",2019,6.451,"South America"
"233","Brazil",2020,6.11,"South America"
"234","Bulgaria",2007,3.844,"Europe"
"235","Bulgaria",2010,3.912,"Europe"
"236","Bulgaria",2011,3.875,"Europe"
"237","Bulgaria",2012,4.222,"Europe"
"238","Bulgaria",2013,3.993,"Europe"
"239","Bulgaria",2014,4.438,"Europe"
"240","Bulgaria",2015,4.865,"Europe"
"241","Bulgaria",2016,4.838,"Europe"
"242","Bulgaria",2017,5.097,"Europe"
"243","Bulgaria",2018,5.099,"Europe"
"244","Bulgaria",2019,5.108,"Europe"
"245","Bulgaria",2020,5.598,"Europe"
"246","Burundi",2008,3.563,"Africa"
"247","Burundi",2009,3.792,"Africa"
"248","Burundi",2011,3.706,"Africa"
"249","Burundi",2014,2.905,"Africa"
"250","Burundi",2018,3.775,"Africa"
"251","Cambodia",2006,3.569,"Asia"
"252","Cambodia",2007,4.156,"Asia"
"253","Cambodia",2008,4.462,"Asia"
"254","Cambodia",2009,4.111,"Asia"
"255","Cambodia",2010,4.141,"Asia"
"256","Cambodia",2011,4.161,"Asia"
"257","Cambodia",2012,3.899,"Asia"
"258","Cambodia",2013,3.674,"Asia"
"259","Cambodia",2014,3.883,"Asia"
"260","Cambodia",2015,4.162,"Asia"
"261","Cambodia",2016,4.461,"Asia"
"262","Cambodia",2017,4.586,"Asia"
"263","Cambodia",2018,5.122,"Asia"
"264","Cambodia",2019,4.998,"Asia"
"265","Cambodia",2020,4.377,"Asia"
"266","Cameroon",2006,3.851,"Africa"
"267","Cameroon",2007,4.35,"Africa"
"268","Cameroon",2008,4.292,"Africa"
"269","Cameroon",2009,4.741,"Africa"
"270","Cameroon",2010,4.554,"Africa"
"271","Cameroon",2011,4.434,"Africa"
"272","Cameroon",2012,4.245,"Africa"
"273","Cameroon",2013,4.271,"Africa"
"274","Cameroon",2014,4.24,"Africa"
"275","Cameroon",2015,5.038,"Africa"
"276","Cameroon",2016,4.816,"Africa"
"277","Cameroon",2017,5.074,"Africa"
"278","Cameroon",2018,5.251,"Africa"
"279","Cameroon",2019,4.937,"Africa"
"280","Cameroon",2020,5.241,"Africa"
"281","Canada",2005,7.418,"North America"
"282","Canada",2007,7.482,"North America"
"283","Canada",2008,7.486,"North America"
"284","Canada",2009,7.488,"North America"
"285","Canada",2010,7.65,"North America"
"286","Canada",2011,7.426,"North America"
"287","Canada",2012,7.415,"North America"
"288","Canada",2013,7.594,"North America"
"289","Canada",2014,7.304,"North America"
"290","Canada",2015,7.413,"North America"
"291","Canada",2016,7.245,"North America"
"292","Canada",2017,7.415,"North America"
"293","Canada",2018,7.175,"North America"
"294","Canada",2019,7.109,"North America"
"295","Canada",2020,7.025,"North America"
"296","Central African Republic",2007,4.16,"Africa"
"297","Central African Republic",2010,3.568,"Africa"
"298","Central African Republic",2011,3.678,"Africa"
"299","Central African Republic",2016,2.693,"Africa"
"300","Central African Republic",2017,3.476,"Africa"
"301","Chad",2006,3.435,"Africa"
"302","Chad",2007,4.141,"Africa"
"303","Chad",2008,4.632,"Africa"
"304","Chad",2009,3.639,"Africa"
"305","Chad",2010,3.743,"Africa"
"306","Chad",2011,4.393,"Africa"
"307","Chad",2012,4.033,"Africa"
"308","Chad",2013,3.508,"Africa"
"309","Chad",2014,3.46,"Africa"
"310","Chad",2015,4.323,"Africa"
"311","Chad",2016,4.029,"Africa"
"312","Chad",2017,4.559,"Africa"
"313","Chad",2018,4.486,"Africa"
"314","Chad",2019,4.251,"Africa"
"315","Chile",2006,6.063,"South America"
"316","Chile",2007,5.698,"South America"
"317","Chile",2008,5.789,"South America"
"318","Chile",2009,6.494,"South America"
"319","Chile",2010,6.636,"South America"
"320","Chile",2011,6.526,"South America"
"321","Chile",2012,6.599,"South America"
"322","Chile",2013,6.74,"South America"
"323","Chile",2014,6.844,"South America"
"324","Chile",2015,6.533,"South America"
"325","Chile",2016,6.579,"South America"
"326","Chile",2017,6.32,"South America"
"327","Chile",2018,6.436,"South America"
"328","Chile",2019,5.942,"South America"
"329","Chile",2020,6.151,"South America"
"330","China",2006,4.56,"Asia"
"331","China",2007,4.863,"Asia"
"332","China",2008,4.846,"Asia"
"333","China",2009,4.454,"Asia"
"334","China",2010,4.653,"Asia"
"335","China",2011,5.037,"Asia"
"336","China",2012,5.095,"Asia"
"337","China",2013,5.241,"Asia"
"338","China",2014,5.196,"Asia"
"339","China",2015,5.304,"Asia"
"340","China",2016,5.325,"Asia"
"341","China",2017,5.099,"Asia"
"342","China",2018,5.131,"Asia"
"343","China",2019,5.144,"Asia"
"344","China",2020,5.771,"Asia"
"345","Colombia",2006,6.025,"South America"
"346","Colombia",2007,6.138,"South America"
"347","Colombia",2008,6.168,"South America"
"348","Colombia",2009,6.272,"South America"
"349","Colombia",2010,6.408,"South America"
"350","Colombia",2011,6.464,"South America"
"351","Colombia",2012,6.375,"South America"
"352","Colombia",2013,6.607,"South America"
"353","Colombia",2014,6.449,"South America"
"354","Colombia",2015,6.388,"South America"
"355","Colombia",2016,6.234,"South America"
"356","Colombia",2017,6.157,"South America"
"357","Colombia",2018,5.984,"South America"
"358","Colombia",2019,6.35,"South America"
"359","Colombia",2020,5.709,"South America"
"360","Comoros",2009,3.476,"Africa"
"361","Comoros",2010,3.812,"Africa"
"362","Comoros",2011,3.838,"Africa"
"363","Comoros",2012,3.956,"Africa"
"364","Comoros",2018,3.973,"Africa"
"365","Comoros",2019,4.609,"Africa"
"366","Congo",2008,3.82,"Africa"
"367","Congo",2011,4.51,"Africa"
"368","Congo",2012,3.919,"Africa"
"369","Congo",2013,3.955,"Africa"
"370","Congo",2014,4.056,"Africa"
"371","Congo",2015,4.691,"Africa"
"372","Congo",2016,4.119,"Africa"
"373","Congo",2017,4.884,"Africa"
"374","Congo",2018,5.49,"Africa"
"375","Congo",2019,5.213,"Africa"
"376","Costa Rica",2006,7.082,"North America"
"377","Costa Rica",2007,7.432,"North America"
"378","Costa Rica",2008,6.851,"North America"
"379","Costa Rica",2009,7.615,"North America"
"380","Costa Rica",2010,7.271,"North America"
"381","Costa Rica",2011,7.229,"North America"
"382","Costa Rica",2012,7.272,"North America"
"383","Costa Rica",2013,7.158,"North America"
"384","Costa Rica",2014,7.247,"North America"
"385","Costa Rica",2015,6.854,"North America"
"386","Costa Rica",2016,7.136,"North America"
"387","Costa Rica",2017,7.225,"North America"
"388","Costa Rica",2018,7.141,"North America"
"389","Costa Rica",2019,6.998,"North America"
"390","Cote d'Ivoire",2009,4.197,"Africa"
"391","Cote d'Ivoire",2013,3.739,"Africa"
"392","Cote d'Ivoire",2014,3.57,"Africa"
"393","Cote d'Ivoire",2015,4.445,"Africa"
"394","Cote d'Ivoire",2016,4.543,"Africa"
"395","Cote d'Ivoire",2017,5.038,"Africa"
"396","Cote d'Ivoire",2018,5.268,"Africa"
"397","Cote d'Ivoire",2019,5.392,"Africa"
"398","Cote d'Ivoire",2020,5.257,"Africa"
"399","Croatia",2007,5.821,"Europe"
"400","Croatia",2009,5.433,"Europe"
"401","Croatia",2010,5.596,"Europe"
"402","Croatia",2011,5.385,"Europe"
"403","Croatia",2012,6.028,"Europe"
"404","Croatia",2013,5.885,"Europe"
"405","Croatia",2014,5.381,"Europe"
"406","Croatia",2015,5.205,"Europe"
"407","Croatia",2016,5.417,"Europe"
"408","Croatia",2017,5.343,"Europe"
"409","Croatia",2018,5.536,"Europe"
"410","Croatia",2019,5.626,"Europe"
"411","Croatia",2020,6.508,"Europe"
"412","Cuba",2006,5.418,"North America"
"413","Cyprus",2006,6.238,"Europe"
"414","Cyprus",2009,6.833,"Europe"
"415","Cyprus",2010,6.387,"Europe"
"416","Cyprus",2011,6.69,"Europe"
"417","Cyprus",2012,6.181,"Europe"
"418","Cyprus",2013,5.439,"Europe"
"419","Cyprus",2014,5.627,"Europe"
"420","Cyprus",2015,5.439,"Europe"
"421","Cyprus",2016,5.795,"Europe"
"422","Cyprus",2017,6.062,"Europe"
"423","Cyprus",2018,6.276,"Europe"
"424","Cyprus",2019,6.137,"Europe"
"425","Cyprus",2020,6.26,"Europe"
"426","Czechia",2005,6.439,"Europe"
"427","Czechia",2007,6.5,"Europe"
"428","Czechia",2010,6.25,"Europe"
"429","Czechia",2011,6.331,"Europe"
"430","Czechia",2012,6.334,"Europe"
"431","Czechia",2013,6.698,"Europe"
"432","Czechia",2014,6.484,"Europe"
"433","Czechia",2015,6.608,"Europe"
"434","Czechia",2016,6.736,"Europe"
"435","Czechia",2017,6.79,"Europe"
"436","Czechia",2018,7.034,"Europe"
"437","Czechia",2020,6.897,"Europe"
"438","Democratic Republic of Congo",2009,3.984,"Africa"
"439","Democratic Republic of Congo",2011,4.517,"Africa"
"440","Democratic Republic of Congo",2012,4.639,"Africa"
"441","Democratic Republic of Congo",2013,4.497,"Africa"
"442","Democratic Republic of Congo",2014,4.414,"Africa"
"443","Democratic Republic of Congo",2015,3.903,"Africa"
"444","Democratic Republic of Congo",2016,4.522,"Africa"
"445","Democratic Republic of Congo",2017,4.311,"Africa"
"446","Denmark",2005,8.019,"Europe"
"447","Denmark",2007,7.834,"Europe"
"448","Denmark",2008,7.971,"Europe"
"449","Denmark",2009,7.683,"Europe"
"450","Denmark",2010,7.771,"Europe"
"451","Denmark",2011,7.788,"Europe"
"452","Denmark",2012,7.52,"Europe"
"453","Denmark",2013,7.589,"Europe"
"454","Denmark",2014,7.508,"Europe"
"455","Denmark",2015,7.514,"Europe"
"456","Denmark",2016,7.558,"Europe"
"457","Denmark",2017,7.594,"Europe"
"458","Denmark",2018,7.649,"Europe"
"459","Denmark",2019,7.693,"Europe"
"460","Denmark",2020,7.515,"Europe"
"461","Djibouti",2008,5.009,"Africa"
"462","Djibouti",2009,4.906,"Africa"
"463","Djibouti",2010,5.006,"Africa"
"464","Djibouti",2011,4.369,"Africa"
"465","Dominican Republic",2006,5.088,"North America"
"466","Dominican Republic",2007,5.081,"North America"
"467","Dominican Republic",2008,4.842,"North America"
"468","Dominican Republic",2009,5.432,"North America"
"469","Dominican Republic",2010,4.735,"North America"
"470","Dominican Republic",2011,5.397,"North America"
"471","Dominican Republic",2012,4.753,"North America"
"472","Dominican Republic",2013,5.016,"North America"
"473","Dominican Republic",2014,5.387,"North America"
"474","Dominican Republic",2015,5.062,"North America"
"475","Dominican Republic",2016,5.239,"North America"
"476","Dominican Republic",2017,5.605,"North America"
"477","Dominican Republic",2018,5.433,"North America"
"478","Dominican Republic",2019,6.004,"North America"
"479","Dominican Republic",2020,5.168,"North America"
"480","Ecuador",2006,5.024,"South America"
"481","Ecuador",2007,4.996,"South America"
"482","Ecuador",2008,5.297,"South America"
"483","Ecuador",2009,6.022,"South America"
"484","Ecuador",2010,5.838,"South America"
"485","Ecuador",2011,5.795,"South America"
"486","Ecuador",2012,5.961,"South America"
"487","Ecuador",2013,6.019,"South America"
"488","Ecuador",2014,5.946,"South America"
"489","Ecuador",2015,5.964,"South America"
"490","Ecuador",2016,6.115,"South America"
"491","Ecuador",2017,5.84,"South America"
"492","Ecuador",2018,6.128,"South America"
"493","Ecuador",2019,5.809,"South America"
"494","Ecuador",2020,5.354,"South America"
"495","Egypt",2005,5.168,"Africa"
"496","Egypt",2007,5.541,"Africa"
"497","Egypt",2008,4.632,"Africa"
"498","Egypt",2009,5.066,"Africa"
"499","Egypt",2010,4.669,"Africa"
"500","Egypt",2011,4.174,"Africa"
"501","Egypt",2012,4.204,"Africa"
"502","Egypt",2013,3.559,"Africa"
"503","Egypt",2014,4.885,"Africa"
"504","Egypt",2015,4.763,"Africa"
"505","Egypt",2016,4.557,"Africa"
"506","Egypt",2017,3.929,"Africa"
"507","Egypt",2018,4.005,"Africa"
"508","Egypt",2019,4.328,"Africa"
"509","Egypt",2020,4.472,"Africa"
"510","El Salvador",2006,5.701,"North America"
"511","El Salvador",2007,5.296,"North America"
"512","El Salvador",2008,5.191,"North America"
"513","El Salvador",2009,6.839,"North America"
"514","El Salvador",2010,6.74,"North America"
"515","El Salvador",2011,4.741,"North America"
"516","El Salvador",2012,5.934,"North America"
"517","El Salvador",2013,6.325,"North America"
"518","El Salvador",2014,5.857,"North America"
"519","El Salvador",2015,6.018,"North America"
"520","El Salvador",2016,6.14,"North America"
"521","El Salvador",2017,6.339,"North America"
"522","El Salvador",2018,6.241,"North America"
"523","El Salvador",2019,6.455,"North America"
"524","El Salvador",2020,5.462,"North America"
"525","Estonia",2006,5.371,"Europe"
"526","Estonia",2007,5.332,"Europe"
"527","Estonia",2008,5.452,"Europe"
"528","Estonia",2009,5.138,"Europe"
"529","Estonia",2011,5.487,"Europe"
"530","Estonia",2012,5.364,"Europe"
"531","Estonia",2013,5.367,"Europe"
"532","Estonia",2014,5.556,"Europe"
"533","Estonia",2015,5.629,"Europe"
"534","Estonia",2016,5.65,"Europe"
"535","Estonia",2017,5.938,"Europe"
"536","Estonia",2018,6.091,"Europe"
"537","Estonia",2019,6.035,"Europe"
"538","Estonia",2020,6.453,"Europe"
"539","Ethiopia",2012,4.561,"Africa"
"540","Ethiopia",2013,4.445,"Africa"
"541","Ethiopia",2014,4.507,"Africa"
"542","Ethiopia",2015,4.573,"Africa"
"543","Ethiopia",2016,4.298,"Africa"
"544","Ethiopia",2017,4.18,"Africa"
"545","Ethiopia",2018,4.379,"Africa"
"546","Ethiopia",2019,4.1,"Africa"
"547","Ethiopia",2020,4.549,"Africa"
"548","Finland",2006,7.672,"Europe"
"549","Finland",2008,7.671,"Europe"
"550","Finland",2010,7.393,"Europe"
"551","Finland",2011,7.354,"Europe"
"552","Finland",2012,7.42,"Europe"
"553","Finland",2013,7.445,"Europe"
"554","Finland",2014,7.385,"Europe"
"555","Finland",2015,7.448,"Europe"
"556","Finland",2016,7.66,"Europe"
"557","Finland",2017,7.788,"Europe"
"558","Finland",2018,7.858,"Europe"
"559","Finland",2019,7.78,"Europe"
"560","Finland",2020,7.889,"Europe"
"561","France",2005,7.093,"Europe"
"562","France",2006,6.583,"Europe"
"563","France",2008,7.008,"Europe"
"564","France",2009,6.283,"Europe"
"565","France",2010,6.798,"Europe"
"566","France",2011,6.959,"Europe"
"567","France",2012,6.649,"Europe"
"568","France",2013,6.667,"Europe"
"569","France",2014,6.467,"Europe"
"570","France",2015,6.358,"Europe"
"571","France",2016,6.475,"Europe"
"572","France",2017,6.635,"Europe"
"573","France",2018,6.666,"Europe"
"574","France",2019,6.69,"Europe"
"575","France",2020,6.714,"Europe"
"576","Gabon",2011,4.255,"Africa"
"577","Gabon",2012,3.972,"Africa"
"578","Gabon",2013,3.8,"Africa"
"579","Gabon",2014,3.918,"Africa"
"580","Gabon",2015,4.661,"Africa"
"581","Gabon",2016,4.832,"Africa"
"582","Gabon",2017,4.782,"Africa"
"583","Gabon",2018,4.783,"Africa"
"584","Gabon",2019,4.914,"Africa"
"585","Gambia",2017,4.118,"Africa"
"586","Gambia",2018,4.922,"Africa"
"587","Gambia",2019,5.164,"Africa"
"588","Georgia",2006,3.675,"Europe"
"589","Georgia",2007,3.707,"Europe"
"590","Georgia",2008,4.156,"Europe"
"591","Georgia",2009,3.801,"Europe"
"592","Georgia",2010,4.102,"Europe"
"593","Georgia",2011,4.203,"Europe"
"594","Georgia",2012,4.254,"Europe"
"595","Georgia",2013,4.349,"Europe"
"596","Georgia",2014,4.288,"Europe"
"597","Georgia",2015,4.122,"Europe"
"598","Georgia",2016,4.448,"Europe"
"599","Georgia",2017,4.451,"Europe"
"600","Georgia",2018,4.659,"Europe"
"601","Georgia",2019,4.892,"Europe"
"602","Georgia",2020,5.123,"Europe"
"603","Germany",2005,6.62,"Europe"
"604","Germany",2007,6.417,"Europe"
"605","Germany",2008,6.522,"Europe"
"606","Germany",2009,6.641,"Europe"
"607","Germany",2010,6.725,"Europe"
"608","Germany",2011,6.621,"Europe"
"609","Germany",2012,6.702,"Europe"
"610","Germany",2013,6.965,"Europe"
"611","Germany",2014,6.984,"Europe"
"612","Germany",2015,7.037,"Europe"
"613","Germany",2016,6.874,"Europe"
"614","Germany",2017,7.074,"Europe"
"615","Germany",2018,7.118,"Europe"
"616","Germany",2019,7.035,"Europe"
"617","Germany",2020,7.312,"Europe"
"618","Ghana",2006,4.535,"Africa"
"619","Ghana",2007,5.22,"Africa"
"620","Ghana",2008,4.965,"Africa"
"621","Ghana",2009,4.198,"Africa"
"622","Ghana",2010,4.606,"Africa"
"623","Ghana",2011,5.608,"Africa"
"624","Ghana",2012,5.057,"Africa"
"625","Ghana",2013,4.965,"Africa"
"626","Ghana",2014,3.86,"Africa"
"627","Ghana",2015,3.986,"Africa"
"628","Ghana",2016,4.514,"Africa"
"629","Ghana",2017,5.481,"Africa"
"630","Ghana",2018,5.004,"Africa"
"631","Ghana",2019,4.967,"Africa"
"632","Ghana",2020,5.319,"Africa"
"633","Greece",2005,6.006,"Europe"
"634","Greece",2007,6.647,"Europe"
"635","Greece",2009,6.039,"Europe"
"636","Greece",2010,5.84,"Europe"
"637","Greece",2011,5.372,"Europe"
"638","Greece",2012,5.096,"Europe"
"639","Greece",2013,4.72,"Europe"
"640","Greece",2014,4.756,"Europe"
"641","Greece",2015,5.623,"Europe"
"642","Greece",2016,5.303,"Europe"
"643","Greece",2017,5.148,"Europe"
"644","Greece",2018,5.409,"Europe"
"645","Greece",2019,5.952,"Europe"
"646","Greece",2020,5.788,"Europe"
"647","Guatemala",2006,5.901,"North America"
"648","Guatemala",2007,6.33,"North America"
"649","Guatemala",2008,6.414,"North America"
"650","Guatemala",2009,6.452,"North America"
"651","Guatemala",2010,6.29,"North America"
"652","Guatemala",2011,5.743,"North America"
"653","Guatemala",2012,5.856,"North America"
"654","Guatemala",2013,5.985,"North America"
"655","Guatemala",2014,6.536,"North America"
"656","Guatemala",2015,6.465,"North America"
"657","Guatemala",2016,6.359,"North America"
"658","Guatemala",2017,6.325,"North America"
"659","Guatemala",2018,6.627,"North America"
"660","Guatemala",2019,6.262,"North America"
"661","Guinea",2011,4.045,"Africa"
"662","Guinea",2012,3.652,"Africa"
"663","Guinea",2013,3.902,"Africa"
"664","Guinea",2014,3.412,"Africa"
"665","Guinea",2015,3.505,"Africa"
"666","Guinea",2016,3.603,"Africa"
"667","Guinea",2017,4.874,"Africa"
"668","Guinea",2018,5.252,"Africa"
"669","Guinea",2019,4.768,"Africa"
"670","Guyana",2007,5.993,"South America"
"671","Haiti",2006,3.754,"North America"
"672","Haiti",2008,3.846,"North America"
"673","Haiti",2010,3.766,"North America"
"674","Haiti",2011,4.845,"North America"
"675","Haiti",2012,4.413,"North America"
"676","Haiti",2013,4.622,"North America"
"677","Haiti",2014,3.889,"North America"
"678","Haiti",2015,3.57,"North America"
"679","Haiti",2016,3.352,"North America"
"680","Haiti",2017,3.824,"North America"
"681","Haiti",2018,3.615,"North America"
"682","Honduras",2006,5.397,"North America"
"683","Honduras",2007,5.097,"North America"
"684","Honduras",2008,5.42,"North America"
"685","Honduras",2009,6.033,"North America"
"686","Honduras",2010,5.866,"North America"
"687","Honduras",2011,4.961,"North America"
"688","Honduras",2012,4.602,"North America"
"689","Honduras",2013,4.713,"North America"
"690","Honduras",2014,5.056,"North America"
"691","Honduras",2015,4.845,"North America"
"692","Honduras",2016,5.648,"North America"
"693","Honduras",2017,6.02,"North America"
"694","Honduras",2018,5.908,"North America"
"695","Honduras",2019,5.93,"North America"
"696","Hungary",2005,5.194,"Europe"
"697","Hungary",2007,4.954,"Europe"
"698","Hungary",2009,4.895,"Europe"
"699","Hungary",2010,4.725,"Europe"
"700","Hungary",2011,4.918,"Europe"
"701","Hungary",2012,4.683,"Europe"
"702","Hungary",2013,4.914,"Europe"
"703","Hungary",2014,5.181,"Europe"
"704","Hungary",2015,5.344,"Europe"
"705","Hungary",2016,5.449,"Europe"
"706","Hungary",2017,6.065,"Europe"
"707","Hungary",2018,5.936,"Europe"
"708","Hungary",2019,6,"Europe"
"709","Hungary",2020,6.038,"Europe"
"710","Iceland",2008,6.888,"Europe"
"711","Iceland",2012,7.591,"Europe"
"712","Iceland",2013,7.501,"Europe"
"713","Iceland",2015,7.498,"Europe"
"714","Iceland",2016,7.51,"Europe"
"715","Iceland",2017,7.476,"Europe"
"716","Iceland",2019,7.533,"Europe"
"717","Iceland",2020,7.575,"Europe"
"718","India",2006,5.348,"Asia"
"719","India",2007,5.027,"Asia"
"720","India",2008,5.146,"Asia"
"721","India",2009,4.522,"Asia"
"722","India",2010,4.989,"Asia"
"723","India",2011,4.635,"Asia"
"724","India",2012,4.72,"Asia"
"725","India",2013,4.428,"Asia"
"726","India",2014,4.424,"Asia"
"727","India",2015,4.342,"Asia"
"728","India",2016,4.179,"Asia"
"729","India",2017,4.046,"Asia"
"730","India",2018,3.818,"Asia"
"731","India",2019,3.249,"Asia"
"732","India",2020,4.225,"Asia"
"733","Indonesia",2006,4.947,"Asia"
"734","Indonesia",2007,5.101,"Asia"
"735","Indonesia",2008,4.815,"Asia"
"736","Indonesia",2009,5.472,"Asia"
"737","Indonesia",2010,5.457,"Asia"
"738","Indonesia",2011,5.173,"Asia"
"739","Indonesia",2012,5.368,"Asia"
"740","Indonesia",2013,5.292,"Asia"
"741","Indonesia",2014,5.597,"Asia"
"742","Indonesia",2015,5.043,"Asia"
"743","Indonesia",2016,5.136,"Asia"
"744","Indonesia",2017,5.098,"Asia"
"745","Indonesia",2018,5.34,"Asia"
"746","Indonesia",2019,5.347,"Asia"
"747","Iran",2005,5.308,"Asia"
"748","Iran",2007,5.336,"Asia"
"749","Iran",2008,5.129,"Asia"
"750","Iran",2011,4.768,"Asia"
"751","Iran",2012,4.609,"Asia"
"752","Iran",2013,5.14,"Asia"
"753","Iran",2014,4.682,"Asia"
"754","Iran",2015,4.75,"Asia"
"755","Iran",2016,4.653,"Asia"
"756","Iran",2017,4.717,"Asia"
"757","Iran",2018,4.278,"Asia"
"758","Iran",2019,5.006,"Asia"
"759","Iran",2020,4.865,"Asia"
"760","Iraq",2008,4.59,"Asia"
"761","Iraq",2009,4.775,"Asia"
"762","Iraq",2010,5.065,"Asia"
"763","Iraq",2011,4.725,"Asia"
"764","Iraq",2012,4.66,"Asia"
"765","Iraq",2013,4.725,"Asia"
"766","Iraq",2014,4.542,"Asia"
"767","Iraq",2015,4.493,"Asia"
"768","Iraq",2016,4.413,"Asia"
"769","Iraq",2017,4.462,"Asia"
"770","Iraq",2018,4.886,"Asia"
"771","Iraq",2020,4.785,"Asia"
"772","Ireland",2006,7.144,"Europe"
"773","Ireland",2008,7.568,"Europe"
"774","Ireland",2009,7.046,"Europe"
"775","Ireland",2010,7.257,"Europe"
"776","Ireland",2011,7.007,"Europe"
"777","Ireland",2012,6.965,"Europe"
"778","Ireland",2013,6.76,"Europe"
"779","Ireland",2014,7.018,"Europe"
"780","Ireland",2015,6.83,"Europe"
"781","Ireland",2016,7.041,"Europe"
"782","Ireland",2017,7.06,"Europe"
"783","Ireland",2018,6.962,"Europe"
"784","Ireland",2019,7.255,"Europe"
"785","Ireland",2020,7.035,"Europe"
"786","Israel",2006,7.173,"Asia"
"787","Israel",2007,6.841,"Asia"
"788","Israel",2008,7.261,"Asia"
"789","Israel",2009,7.353,"Asia"
"790","Israel",2010,7.359,"Asia"
"791","Israel",2011,7.433,"Asia"
"792","Israel",2012,7.111,"Asia"
"793","Israel",2013,7.321,"Asia"
"794","Israel",2014,7.401,"Asia"
"795","Israel",2015,7.079,"Asia"
"796","Israel",2016,7.159,"Asia"
"797","Israel",2017,7.331,"Asia"
"798","Israel",2018,6.927,"Asia"
"799","Israel",2019,7.332,"Asia"
"800","Israel",2020,7.195,"Asia"
"801","Italy",2005,6.854,"Europe"
"802","Italy",2007,6.574,"Europe"
"803","Italy",2008,6.78,"Europe"
"804","Italy",2009,6.334,"Europe"
"805","Italy",2010,6.354,"Europe"
"806","Italy",2011,6.057,"Europe"
"807","Italy",2012,5.839,"Europe"
"808","Italy",2013,6.009,"Europe"
"809","Italy",2014,6.027,"Europe"
"810","Italy",2015,5.848,"Europe"
"811","Italy",2016,5.955,"Europe"
"812","Italy",2017,6.199,"Europe"
"813","Italy",2018,6.517,"Europe"
"814","Italy",2019,6.445,"Europe"
"815","Italy",2020,6.488,"Europe"
"816","Jamaica",2006,6.208,"North America"
"817","Jamaica",2011,5.374,"North America"
"818","Jamaica",2013,5.709,"North America"
"819","Jamaica",2014,5.311,"North America"
"820","Jamaica",2017,5.89,"North America"
"821","Jamaica",2019,6.309,"North America"
"822","Japan",2005,6.516,"Asia"
"823","Japan",2007,6.238,"Asia"
"824","Japan",2008,5.911,"Asia"
"825","Japan",2009,5.845,"Asia"
"826","Japan",2010,6.057,"Asia"
"827","Japan",2011,6.263,"Asia"
"828","Japan",2012,5.968,"Asia"
"829","Japan",2013,5.959,"Asia"
"830","Japan",2014,5.923,"Asia"
"831","Japan",2015,5.88,"Asia"
"832","Japan",2016,5.955,"Asia"
"833","Japan",2017,5.911,"Asia"
"834","Japan",2018,5.794,"Asia"
"835","Japan",2019,5.908,"Asia"
"836","Japan",2020,6.118,"Asia"
"837","Jordan",2005,6.295,"Asia"
"838","Jordan",2007,5.598,"Asia"
"839","Jordan",2008,4.93,"Asia"
"840","Jordan",2009,6,"Asia"
"841","Jordan",2010,5.57,"Asia"
"842","Jordan",2011,5.539,"Asia"
"843","Jordan",2012,5.132,"Asia"
"844","Jordan",2013,5.172,"Asia"
"845","Jordan",2014,5.333,"Asia"
"846","Jordan",2015,5.405,"Asia"
"847","Jordan",2016,5.271,"Asia"
"848","Jordan",2017,4.808,"Asia"
"849","Jordan",2018,4.639,"Asia"
"850","Jordan",2019,4.453,"Asia"
"851","Jordan",2020,4.094,"Asia"
"852","Kazakhstan",2006,5.476,"Asia"
"853","Kazakhstan",2007,5.719,"Asia"
"854","Kazakhstan",2008,5.886,"Asia"
"855","Kazakhstan",2009,5.383,"Asia"
"856","Kazakhstan",2010,5.514,"Asia"
"857","Kazakhstan",2011,5.736,"Asia"
"858","Kazakhstan",2012,5.759,"Asia"
"859","Kazakhstan",2013,5.835,"Asia"
"860","Kazakhstan",2014,5.97,"Asia"
"861","Kazakhstan",2015,5.95,"Asia"
"862","Kazakhstan",2016,5.534,"Asia"
"863","Kazakhstan",2017,5.882,"Asia"
"864","Kazakhstan",2018,6.008,"Asia"
"865","Kazakhstan",2019,6.272,"Asia"
"866","Kazakhstan",2020,6.168,"Asia"
"867","Kenya",2006,4.223,"Africa"
"868","Kenya",2007,4.576,"Africa"
"869","Kenya",2008,4.015,"Africa"
"870","Kenya",2009,4.27,"Africa"
"871","Kenya",2010,4.256,"Africa"
"872","Kenya",2011,4.405,"Africa"
"873","Kenya",2012,4.547,"Africa"
"874","Kenya",2013,3.795,"Africa"
"875","Kenya",2014,4.905,"Africa"
"876","Kenya",2015,4.358,"Africa"
"877","Kenya",2016,4.396,"Africa"
"878","Kenya",2017,4.476,"Africa"
"879","Kenya",2018,4.656,"Africa"
"880","Kenya",2019,4.619,"Africa"
"881","Kenya",2020,4.547,"Africa"
"882","Kuwait",2006,6.076,"Asia"
"883","Kuwait",2009,6.585,"Asia"
"884","Kuwait",2010,6.798,"Asia"
"885","Kuwait",2011,6.378,"Asia"
"886","Kuwait",2012,6.221,"Asia"
"887","Kuwait",2013,6.48,"Asia"
"888","Kuwait",2014,6.18,"Asia"
"889","Kuwait",2015,6.146,"Asia"
"890","Kuwait",2016,5.947,"Asia"
"891","Kuwait",2017,6.094,"Asia"
"892","Kuwait",2019,6.106,"Asia"
"893","Kyrgyzstan",2006,4.641,"Asia"
"894","Kyrgyzstan",2007,4.698,"Asia"
"895","Kyrgyzstan",2008,4.737,"Asia"
"896","Kyrgyzstan",2009,5.069,"Asia"
"897","Kyrgyzstan",2010,4.996,"Asia"
"898","Kyrgyzstan",2011,4.921,"Asia"
"899","Kyrgyzstan",2012,5.208,"Asia"
"900","Kyrgyzstan",2013,5.402,"Asia"
"901","Kyrgyzstan",2014,5.252,"Asia"
"902","Kyrgyzstan",2015,4.905,"Asia"
"903","Kyrgyzstan",2016,4.857,"Asia"
"904","Kyrgyzstan",2017,5.63,"Asia"
"905","Kyrgyzstan",2018,5.297,"Asia"
"906","Kyrgyzstan",2019,5.685,"Asia"
"907","Kyrgyzstan",2020,6.25,"Asia"
"908","Laos",2006,5.076,"Asia"
"909","Laos",2007,5.364,"Asia"
"910","Laos",2008,5.044,"Asia"
"911","Laos",2011,4.704,"Asia"
"912","Laos",2012,4.876,"Asia"
"913","Laos",2017,4.623,"Asia"
"914","Laos",2018,4.859,"Asia"
"915","Laos",2019,5.197,"Asia"
"916","Laos",2020,5.284,"Asia"
"917","Latvia",2006,4.71,"Europe"
"918","Latvia",2007,4.667,"Europe"
"919","Latvia",2008,5.145,"Europe"
"920","Latvia",2009,4.669,"Europe"
"921","Latvia",2011,4.967,"Europe"
"922","Latvia",2012,5.125,"Europe"
"923","Latvia",2013,5.07,"Europe"
"924","Latvia",2014,5.729,"Europe"
"925","Latvia",2015,5.881,"Europe"
"926","Latvia",2016,5.94,"Europe"
"927","Latvia",2017,5.978,"Europe"
"928","Latvia",2018,5.901,"Europe"
"929","Latvia",2019,5.97,"Europe"
"930","Latvia",2020,6.229,"Europe"
"931","Lebanon",2005,5.491,"Asia"
"932","Lebanon",2006,4.653,"Asia"
"933","Lebanon",2008,4.595,"Asia"
"934","Lebanon",2009,5.206,"Asia"
"935","Lebanon",2010,5.032,"Asia"
"936","Lebanon",2011,5.188,"Asia"
"937","Lebanon",2012,4.573,"Asia"
"938","Lebanon",2013,4.983,"Asia"
"939","Lebanon",2014,5.233,"Asia"
"940","Lebanon",2015,5.172,"Asia"
"941","Lebanon",2016,5.271,"Asia"
"942","Lebanon",2017,5.154,"Asia"
"943","Lebanon",2018,5.167,"Asia"
"944","Lebanon",2019,4.024,"Asia"
"945","Lesotho",2011,4.898,"Africa"
"946","Lesotho",2016,3.808,"Africa"
"947","Lesotho",2017,3.795,"Africa"
"948","Lesotho",2019,3.512,"Africa"
"949","Liberia",2007,3.701,"Africa"
"950","Liberia",2008,4.221,"Africa"
"951","Liberia",2010,4.196,"Africa"
"952","Liberia",2014,4.571,"Africa"
"953","Liberia",2015,2.702,"Africa"
"954","Liberia",2016,3.355,"Africa"
"955","Liberia",2017,4.424,"Africa"
"956","Liberia",2018,4.135,"Africa"
"957","Liberia",2019,5.121,"Africa"
"958","Libya",2012,5.754,"Africa"
"959","Libya",2015,5.615,"Africa"
"960","Libya",2016,5.434,"Africa"
"961","Libya",2017,5.647,"Africa"
"962","Libya",2018,5.494,"Africa"
"963","Libya",2019,5.33,"Africa"
"964","Lithuania",2006,5.954,"Europe"
"965","Lithuania",2007,5.808,"Europe"
"966","Lithuania",2008,5.554,"Europe"
"967","Lithuania",2009,5.467,"Europe"
"968","Lithuania",2010,5.066,"Europe"
"969","Lithuania",2011,5.432,"Europe"
"970","Lithuania",2012,5.771,"Europe"
"971","Lithuania",2013,5.596,"Europe"
"972","Lithuania",2014,6.126,"Europe"
"973","Lithuania",2015,5.711,"Europe"
"974","Lithuania",2016,5.866,"Europe"
"975","Lithuania",2017,6.273,"Europe"
"976","Lithuania",2018,6.309,"Europe"
"977","Lithuania",2019,6.064,"Europe"
"978","Lithuania",2020,6.391,"Europe"
"979","Luxembourg",2009,6.958,"Europe"
"980","Luxembourg",2010,7.097,"Europe"
"981","Luxembourg",2011,7.101,"Europe"
"982","Luxembourg",2012,6.964,"Europe"
"983","Luxembourg",2013,7.131,"Europe"
"984","Luxembourg",2014,6.891,"Europe"
"985","Luxembourg",2015,6.702,"Europe"
"986","Luxembourg",2016,6.967,"Europe"
"987","Luxembourg",2017,7.061,"Europe"
"988","Luxembourg",2018,7.243,"Europe"
"989","Luxembourg",2019,7.404,"Europe"
"990","Madagascar",2006,3.98,"Africa"
"991","Madagascar",2008,4.64,"Africa"
"992","Madagascar",2011,4.381,"Africa"
"993","Madagascar",2012,3.551,"Africa"
"994","Madagascar",2013,3.816,"Africa"
"995","Madagascar",2014,3.676,"Africa"
"996","Madagascar",2015,3.593,"Africa"
"997","Madagascar",2016,3.663,"Africa"
"998","Madagascar",2017,4.079,"Africa"
"999","Madagascar",2018,4.071,"Africa"
"1000","Madagascar",2019,4.339,"Africa"
"1001","Malawi",2006,3.83,"Africa"
"1002","Malawi",2007,4.891,"Africa"
"1003","Malawi",2009,5.148,"Africa"
"1004","Malawi",2011,3.946,"Africa"
"1005","Malawi",2012,4.279,"Africa"
"1006","Malawi",2013,4.035,"Africa"
"1007","Malawi",2014,4.563,"Africa"
"1008","Malawi",2015,3.868,"Africa"
"1009","Malawi",2016,3.476,"Africa"
"1010","Malawi",2017,3.417,"Africa"
"1011","Malawi",2018,3.335,"Africa"
"1012","Malawi",2019,3.869,"Africa"
"1013","Malaysia",2006,6.012,"Asia"
"1014","Malaysia",2007,6.239,"Asia"
"1015","Malaysia",2008,5.807,"Asia"
"1016","Malaysia",2009,5.385,"Asia"
"1017","Malaysia",2010,5.58,"Asia"
"1018","Malaysia",2011,5.786,"Asia"
"1019","Malaysia",2012,5.914,"Asia"
"1020","Malaysia",2013,5.77,"Asia"
"1021","Malaysia",2014,5.963,"Asia"
"1022","Malaysia",2015,6.322,"Asia"
"1023","Malaysia",2018,5.339,"Asia"
"1024","Malaysia",2019,5.428,"Asia"
"1025","Maldives",2018,5.198,"Asia"
"1026","Mali",2006,4.014,"Africa"
"1027","Mali",2008,4.115,"Africa"
"1028","Mali",2009,3.977,"Africa"
"1029","Mali",2010,3.762,"Africa"
"1030","Mali",2011,4.667,"Africa"
"1031","Mali",2012,4.313,"Africa"
"1032","Mali",2013,3.676,"Africa"
"1033","Mali",2014,3.975,"Africa"
"1034","Mali",2015,4.582,"Africa"
"1035","Mali",2016,4.016,"Africa"
"1036","Mali",2017,4.742,"Africa"
"1037","Mali",2018,4.416,"Africa"
"1038","Mali",2019,4.988,"Africa"
"1039","Malta",2009,6.328,"Europe"
"1040","Malta",2010,5.774,"Europe"
"1041","Malta",2011,6.155,"Europe"
"1042","Malta",2012,5.963,"Europe"
"1043","Malta",2013,6.38,"Europe"
"1044","Malta",2014,6.452,"Europe"
"1045","Malta",2015,6.613,"Europe"
"1046","Malta",2016,6.591,"Europe"
"1047","Malta",2017,6.676,"Europe"
"1048","Malta",2018,6.91,"Europe"
"1049","Malta",2019,6.733,"Europe"
"1050","Malta",2020,6.157,"Europe"
"1051","Mauritania",2007,4.149,"Africa"
"1052","Mauritania",2008,4.248,"Africa"
"1053","Mauritania",2009,4.5,"Africa"
"1054","Mauritania",2010,4.772,"Africa"
"1055","Mauritania",2011,4.785,"Africa"
"1056","Mauritania",2012,4.673,"Africa"
"1057","Mauritania",2013,4.199,"Africa"
"1058","Mauritania",2014,4.483,"Africa"
"1059","Mauritania",2015,3.923,"Africa"
"1060","Mauritania",2016,4.472,"Africa"
"1061","Mauritania",2017,4.678,"Africa"
"1062","Mauritania",2018,4.314,"Africa"
"1063","Mauritania",2019,4.153,"Africa"
"1064","Mauritius",2011,5.477,"Africa"
"1065","Mauritius",2014,5.648,"Africa"
"1066","Mauritius",2016,5.61,"Africa"
"1067","Mauritius",2017,6.174,"Africa"
"1068","Mauritius",2018,5.882,"Africa"
"1069","Mauritius",2019,6.241,"Africa"
"1070","Mauritius",2020,6.015,"Africa"
"1071","Mexico",2005,6.581,"North America"
"1072","Mexico",2007,6.525,"North America"
"1073","Mexico",2008,6.829,"North America"
"1074","Mexico",2009,6.963,"North America"
"1075","Mexico",2010,6.802,"North America"
"1076","Mexico",2011,6.91,"North America"
"1077","Mexico",2012,7.32,"North America"
"1078","Mexico",2013,7.443,"North America"
"1079","Mexico",2014,6.68,"North America"
"1080","Mexico",2015,6.236,"North America"
"1081","Mexico",2016,6.824,"North America"
"1082","Mexico",2017,6.41,"North America"
"1083","Mexico",2018,6.55,"North America"
"1084","Mexico",2019,6.432,"North America"
"1085","Mexico",2020,5.964,"North America"
"1086","Moldova",2006,5.102,"Europe"
"1087","Moldova",2007,4.775,"Europe"
"1088","Moldova",2008,5.503,"Europe"
"1089","Moldova",2009,5.554,"Europe"
"1090","Moldova",2010,5.59,"Europe"
"1091","Moldova",2011,5.792,"Europe"
"1092","Moldova",2012,5.996,"Europe"
"1093","Moldova",2013,5.756,"Europe"
"1094","Moldova",2014,5.917,"Europe"
"1095","Moldova",2015,6.017,"Europe"
"1096","Moldova",2016,5.578,"Europe"
"1097","Moldova",2017,5.326,"Europe"
"1098","Moldova",2018,5.682,"Europe"
"1099","Moldova",2019,5.803,"Europe"
"1100","Moldova",2020,5.812,"Europe"
"1101","Mongolia",2007,4.609,"Asia"
"1102","Mongolia",2008,4.493,"Asia"
"1103","Mongolia",2010,4.586,"Asia"
"1104","Mongolia",2011,5.031,"Asia"
"1105","Mongolia",2012,4.885,"Asia"
"1106","Mongolia",2013,4.913,"Asia"
"1107","Mongolia",2014,4.825,"Asia"
"1108","Mongolia",2015,4.983,"Asia"
"1109","Mongolia",2016,5.057,"Asia"
"1110","Mongolia",2017,5.334,"Asia"
"1111","Mongolia",2018,5.465,"Asia"
"1112","Mongolia",2019,5.563,"Asia"
"1113","Mongolia",2020,6.011,"Asia"
"1114","Montenegro",2007,5.196,"Europe"
"1115","Montenegro",2009,4.801,"Europe"
"1116","Montenegro",2010,5.455,"Europe"
"1117","Montenegro",2011,5.223,"Europe"
"1118","Montenegro",2012,5.219,"Europe"
"1119","Montenegro",2013,5.074,"Europe"
"1120","Montenegro",2014,5.283,"Europe"
"1121","Montenegro",2015,5.125,"Europe"
"1122","Montenegro",2016,5.304,"Europe"
"1123","Montenegro",2017,5.615,"Europe"
"1124","Montenegro",2018,5.65,"Europe"
"1125","Montenegro",2019,5.386,"Europe"
"1126","Montenegro",2020,5.722,"Europe"
"1127","Morocco",2010,4.383,"Africa"
"1128","Morocco",2011,5.085,"Africa"
"1129","Morocco",2012,4.97,"Africa"
"1130","Morocco",2013,5.142,"Africa"
"1131","Morocco",2015,5.163,"Africa"
"1132","Morocco",2016,5.386,"Africa"
"1133","Morocco",2017,5.312,"Africa"
"1134","Morocco",2018,4.897,"Africa"
"1135","Morocco",2019,5.057,"Africa"
"1136","Morocco",2020,4.803,"Africa"
"1137","Mozambique",2006,4.595,"Africa"
"1138","Mozambique",2007,4.833,"Africa"
"1139","Mozambique",2008,4.654,"Africa"
"1140","Mozambique",2011,4.971,"Africa"
"1141","Mozambique",2015,4.55,"Africa"
"1142","Mozambique",2017,4.28,"Africa"
"1143","Mozambique",2018,4.654,"Africa"
"1144","Mozambique",2019,4.932,"Africa"
"1145","Namibia",2007,4.886,"Africa"
"1146","Namibia",2014,4.574,"Africa"
"1147","Namibia",2017,4.441,"Africa"
"1148","Namibia",2018,4.834,"Africa"
"1149","Namibia",2019,4.436,"Africa"
"1150","Namibia",2020,4.451,"Africa"
"1151","Nepal",2006,4.567,"Asia"
"1152","Nepal",2007,4.748,"Asia"
"1153","Nepal",2008,4.441,"Asia"
"1154","Nepal",2009,4.917,"Asia"
"1155","Nepal",2010,4.35,"Asia"
"1156","Nepal",2011,3.809,"Asia"
"1157","Nepal",2012,4.233,"Asia"
"1158","Nepal",2013,4.605,"Asia"
"1159","Nepal",2014,4.975,"Asia"
"1160","Nepal",2015,4.812,"Asia"
"1161","Nepal",2016,5.1,"Asia"
"1162","Nepal",2017,4.737,"Asia"
"1163","Nepal",2018,4.91,"Asia"
"1164","Nepal",2019,5.449,"Asia"
"1165","Netherlands",2005,7.464,"Europe"
"1166","Netherlands",2007,7.452,"Europe"
"1167","Netherlands",2008,7.631,"Europe"
"1168","Netherlands",2010,7.502,"Europe"
"1169","Netherlands",2011,7.564,"Europe"
"1170","Netherlands",2012,7.471,"Europe"
"1171","Netherlands",2013,7.407,"Europe"
"1172","Netherlands",2014,7.321,"Europe"
"1173","Netherlands",2015,7.324,"Europe"
"1174","Netherlands",2016,7.541,"Europe"
"1175","Netherlands",2017,7.459,"Europe"
"1176","Netherlands",2018,7.463,"Europe"
"1177","Netherlands",2019,7.425,"Europe"
"1178","Netherlands",2020,7.504,"Europe"
"1179","New Zealand",2006,7.305,"Oceania"
"1180","New Zealand",2007,7.604,"Oceania"
"1181","New Zealand",2008,7.381,"Oceania"
"1182","New Zealand",2010,7.224,"Oceania"
"1183","New Zealand",2011,7.191,"Oceania"
"1184","New Zealand",2012,7.25,"Oceania"
"1185","New Zealand",2013,7.28,"Oceania"
"1186","New Zealand",2014,7.306,"Oceania"
"1187","New Zealand",2015,7.418,"Oceania"
"1188","New Zealand",2016,7.226,"Oceania"
"1189","New Zealand",2017,7.327,"Oceania"
"1190","New Zealand",2018,7.37,"Oceania"
"1191","New Zealand",2019,7.205,"Oceania"
"1192","New Zealand",2020,7.257,"Oceania"
"1193","Nicaragua",2006,4.46,"North America"
"1194","Nicaragua",2007,4.944,"North America"
"1195","Nicaragua",2008,5.104,"North America"
"1196","Nicaragua",2009,5.353,"North America"
"1197","Nicaragua",2010,5.687,"North America"
"1198","Nicaragua",2011,5.386,"North America"
"1199","Nicaragua",2012,5.448,"North America"
"1200","Nicaragua",2013,5.772,"North America"
"1201","Nicaragua",2014,6.275,"North America"
"1202","Nicaragua",2015,5.924,"North America"
"1203","Nicaragua",2016,6.013,"North America"
"1204","Nicaragua",2017,6.476,"North America"
"1205","Nicaragua",2018,5.819,"North America"
"1206","Nicaragua",2019,6.113,"North America"
"1207","Niger",2006,3.737,"Africa"
"1208","Niger",2007,4.277,"Africa"
"1209","Niger",2008,4.236,"Africa"
"1210","Niger",2009,4.267,"Africa"
"1211","Niger",2010,4.101,"Africa"
"1212","Niger",2011,4.556,"Africa"
"1213","Niger",2012,3.798,"Africa"
"1214","Niger",2013,3.716,"Africa"
"1215","Niger",2014,4.181,"Africa"
"1216","Niger",2015,3.671,"Africa"
"1217","Niger",2016,4.235,"Africa"
"1218","Niger",2017,4.616,"Africa"
"1219","Niger",2018,5.164,"Africa"
"1220","Niger",2019,5.004,"Africa"
"1221","Nigeria",2006,4.71,"Africa"
"1222","Nigeria",2007,4.89,"Africa"
"1223","Nigeria",2008,4.939,"Africa"
"1224","Nigeria",2009,4.98,"Africa"
"1225","Nigeria",2010,4.76,"Africa"
"1226","Nigeria",2012,5.493,"Africa"
"1227","Nigeria",2013,4.818,"Africa"
"1228","Nigeria",2015,4.933,"Africa"
"1229","Nigeria",2016,5.22,"Africa"
"1230","Nigeria",2017,5.322,"Africa"
"1231","Nigeria",2018,5.252,"Africa"
"1232","Nigeria",2019,4.356,"Africa"
"1233","Nigeria",2020,5.503,"Africa"
"1234","Norway",2006,7.416,"Europe"
"1235","Norway",2008,7.632,"Europe"
"1236","Norway",2012,7.678,"Europe"
"1237","Norway",2014,7.444,"Europe"
"1238","Norway",2015,7.603,"Europe"
"1239","Norway",2016,7.596,"Europe"
"1240","Norway",2017,7.579,"Europe"
"1241","Norway",2018,7.444,"Europe"
"1242","Norway",2019,7.442,"Europe"
"1243","Norway",2020,7.29,"Europe"
"1244","Oman",2011,6.853,"Asia"
"1245","Pakistan",2005,5.225,"Asia"
"1246","Pakistan",2007,5.671,"Asia"
"1247","Pakistan",2008,4.414,"Asia"
"1248","Pakistan",2009,5.208,"Asia"
"1249","Pakistan",2010,5.786,"Asia"
"1250","Pakistan",2011,5.267,"Asia"
"1251","Pakistan",2012,5.132,"Asia"
"1252","Pakistan",2013,5.138,"Asia"
"1253","Pakistan",2014,5.436,"Asia"
"1254","Pakistan",2015,4.823,"Asia"
"1255","Pakistan",2016,5.549,"Asia"
"1256","Pakistan",2017,5.831,"Asia"
"1257","Pakistan",2018,5.472,"Asia"
"1258","Pakistan",2019,4.443,"Asia"
"1259","Panama",2006,6.128,"North America"
"1260","Panama",2007,6.894,"North America"
"1261","Panama",2008,6.931,"North America"
"1262","Panama",2009,7.034,"North America"
"1263","Panama",2010,7.321,"North America"
"1264","Panama",2011,7.248,"North America"
"1265","Panama",2012,6.86,"North America"
"1266","Panama",2013,6.866,"North America"
"1267","Panama",2014,6.631,"North America"
"1268","Panama",2015,6.606,"North America"
"1269","Panama",2016,6.118,"North America"
"1270","Panama",2017,6.568,"North America"
"1271","Panama",2018,6.281,"North America"
"1272","Panama",2019,6.086,"North America"
"1273","Paraguay",2006,4.73,"South America"
"1274","Paraguay",2007,5.272,"South America"
"1275","Paraguay",2008,5.57,"South America"
"1276","Paraguay",2009,5.576,"South America"
"1277","Paraguay",2010,5.841,"South America"
"1278","Paraguay",2011,5.677,"South America"
"1279","Paraguay",2012,5.82,"South America"
"1280","Paraguay",2013,5.936,"South America"
"1281","Paraguay",2014,5.119,"South America"
"1282","Paraguay",2015,5.56,"South America"
"1283","Paraguay",2016,5.801,"South America"
"1284","Paraguay",2017,5.713,"South America"
"1285","Paraguay",2019,5.653,"South America"
"1286","Peru",2006,4.811,"South America"
"1287","Peru",2007,5.214,"South America"
"1288","Peru",2008,5.129,"South America"
"1289","Peru",2009,5.519,"South America"
"1290","Peru",2010,5.613,"South America"
"1291","Peru",2011,5.892,"South America"
"1292","Peru",2012,5.825,"South America"
"1293","Peru",2013,5.783,"South America"
"1294","Peru",2014,5.866,"South America"
"1295","Peru",2015,5.577,"South America"
"1296","Peru",2016,5.701,"South America"
"1297","Peru",2017,5.711,"South America"
"1298","Peru",2018,5.68,"South America"
"1299","Peru",2019,5.999,"South America"
"1300","Philippines",2006,4.67,"Asia"
"1301","Philippines",2007,5.074,"Asia"
"1302","Philippines",2008,4.589,"Asia"
"1303","Philippines",2009,4.88,"Asia"
"1304","Philippines",2010,4.942,"Asia"
"1305","Philippines",2011,4.994,"Asia"
"1306","Philippines",2012,5.002,"Asia"
"1307","Philippines",2013,4.977,"Asia"
"1308","Philippines",2014,5.313,"Asia"
"1309","Philippines",2015,5.547,"Asia"
"1310","Philippines",2016,5.431,"Asia"
"1311","Philippines",2017,5.594,"Asia"
"1312","Philippines",2018,5.869,"Asia"
"1313","Philippines",2019,6.268,"Asia"
"1314","Philippines",2020,5.08,"Asia"
"1315","Poland",2005,5.587,"Europe"
"1316","Poland",2007,5.886,"Europe"
"1317","Poland",2009,5.772,"Europe"
"1318","Poland",2010,5.887,"Europe"
"1319","Poland",2011,5.646,"Europe"
"1320","Poland",2012,5.876,"Europe"
"1321","Poland",2013,5.746,"Europe"
"1322","Poland",2014,5.75,"Europe"
"1323","Poland",2015,6.007,"Europe"
"1324","Poland",2016,6.162,"Europe"
"1325","Poland",2017,6.201,"Europe"
"1326","Poland",2018,6.111,"Europe"
"1327","Poland",2019,6.242,"Europe"
"1328","Poland",2020,6.139,"Europe"
"1329","Portugal",2006,5.405,"Europe"
"1330","Portugal",2008,5.717,"Europe"
"1331","Portugal",2010,5.095,"Europe"
"1332","Portugal",2011,5.22,"Europe"
"1333","Portugal",2012,4.994,"Europe"
"1334","Portugal",2013,5.158,"Europe"
"1335","Portugal",2014,5.127,"Europe"
"1336","Portugal",2015,5.081,"Europe"
"1337","Portugal",2016,5.447,"Europe"
"1338","Portugal",2017,5.711,"Europe"
"1339","Portugal",2018,5.92,"Europe"
"1340","Portugal",2019,6.095,"Europe"
"1341","Portugal",2020,5.768,"Europe"
"1342","Qatar",2009,6.418,"Asia"
"1343","Qatar",2010,6.85,"Asia"
"1344","Qatar",2011,6.592,"Asia"
"1345","Qatar",2012,6.611,"Asia"
"1346","Qatar",2015,6.375,"Asia"
"1347","Romania",2005,5.049,"Europe"
"1348","Romania",2007,5.394,"Europe"
"1349","Romania",2009,5.368,"Europe"
"1350","Romania",2010,4.909,"Europe"
"1351","Romania",2011,5.023,"Europe"
"1352","Romania",2012,5.167,"Europe"
"1353","Romania",2013,5.082,"Europe"
"1354","Romania",2014,5.727,"Europe"
"1355","Romania",2015,5.777,"Europe"
"1356","Romania",2016,5.969,"Europe"
"1357","Romania",2017,6.09,"Europe"
"1358","Romania",2018,6.151,"Europe"
"1359","Romania",2019,6.13,"Europe"
"1360","Rwanda",2006,4.215,"Africa"
"1361","Rwanda",2008,4.363,"Africa"
"1362","Rwanda",2009,4.03,"Africa"
"1363","Rwanda",2011,4.097,"Africa"
"1364","Rwanda",2012,3.333,"Africa"
"1365","Rwanda",2013,3.466,"Africa"
"1366","Rwanda",2014,3.596,"Africa"
"1367","Rwanda",2015,3.483,"Africa"
"1368","Rwanda",2016,3.333,"Africa"
"1369","Rwanda",2017,3.108,"Africa"
"1370","Rwanda",2018,3.561,"Africa"
"1371","Rwanda",2019,3.268,"Africa"
"1372","Saudi Arabia",2005,7.08,"Asia"
"1373","Saudi Arabia",2007,7.267,"Asia"
"1374","Saudi Arabia",2008,6.811,"Asia"
"1375","Saudi Arabia",2009,6.148,"Asia"
"1376","Saudi Arabia",2010,6.307,"Asia"
"1377","Saudi Arabia",2011,6.7,"Asia"
"1378","Saudi Arabia",2012,6.396,"Asia"
"1379","Saudi Arabia",2013,6.495,"Asia"
"1380","Saudi Arabia",2014,6.278,"Asia"
"1381","Saudi Arabia",2015,6.345,"Asia"
"1382","Saudi Arabia",2016,6.474,"Asia"
"1383","Saudi Arabia",2017,6.294,"Asia"
"1384","Saudi Arabia",2018,6.356,"Asia"
"1385","Saudi Arabia",2019,6.561,"Asia"
"1386","Saudi Arabia",2020,6.56,"Asia"
"1387","Senegal",2006,4.417,"Africa"
"1388","Senegal",2007,4.68,"Africa"
"1389","Senegal",2008,4.683,"Africa"
"1390","Senegal",2009,4.335,"Africa"
"1391","Senegal",2010,4.372,"Africa"
"1392","Senegal",2011,3.834,"Africa"
"1393","Senegal",2012,3.669,"Africa"
"1394","Senegal",2013,3.647,"Africa"
"1395","Senegal",2014,4.395,"Africa"
"1396","Senegal",2015,4.617,"Africa"
"1397","Senegal",2016,4.595,"Africa"
"1398","Senegal",2017,4.683,"Africa"
"1399","Senegal",2018,4.769,"Africa"
"1400","Senegal",2019,5.489,"Africa"
"1401","Serbia",2007,4.75,"Europe"
"1402","Serbia",2009,4.38,"Europe"
"1403","Serbia",2010,4.461,"Europe"
"1404","Serbia",2011,4.815,"Europe"
"1405","Serbia",2012,5.155,"Europe"
"1406","Serbia",2013,5.102,"Europe"
"1407","Serbia",2014,5.113,"Europe"
"1408","Serbia",2015,5.318,"Europe"
"1409","Serbia",2016,5.753,"Europe"
"1410","Serbia",2017,5.122,"Europe"
"1411","Serbia",2018,5.936,"Europe"
"1412","Serbia",2019,6.241,"Europe"
"1413","Serbia",2020,6.042,"Europe"
"1414","Sierra Leone",2006,3.628,"Africa"
"1415","Sierra Leone",2007,3.585,"Africa"
"1416","Sierra Leone",2008,2.997,"Africa"
"1417","Sierra Leone",2010,4.134,"Africa"
"1418","Sierra Leone",2011,4.502,"Africa"
"1419","Sierra Leone",2013,4.514,"Africa"
"1420","Sierra Leone",2014,4.5,"Africa"
"1421","Sierra Leone",2015,4.909,"Africa"
"1422","Sierra Leone",2016,4.733,"Africa"
"1423","Sierra Leone",2017,4.09,"Africa"
"1424","Sierra Leone",2018,4.306,"Africa"
"1425","Sierra Leone",2019,3.447,"Africa"
"1426","Singapore",2006,6.463,"Asia"
"1427","Singapore",2007,6.834,"Asia"
"1428","Singapore",2008,6.642,"Asia"
"1429","Singapore",2009,6.145,"Asia"
"1430","Singapore",2010,6.531,"Asia"
"1431","Singapore",2011,6.561,"Asia"
"1432","Singapore",2013,6.533,"Asia"
"1433","Singapore",2014,7.062,"Asia"
"1434","Singapore",2015,6.62,"Asia"
"1435","Singapore",2016,6.033,"Asia"
"1436","Singapore",2017,6.378,"Asia"
"1437","Singapore",2018,6.375,"Asia"
"1438","Singapore",2019,6.378,"Asia"
"1439","Slovakia",2006,5.265,"Europe"
"1440","Slovakia",2010,6.052,"Europe"
"1441","Slovakia",2011,5.945,"Europe"
"1442","Slovakia",2012,5.911,"Europe"
"1443","Slovakia",2013,5.937,"Europe"
"1444","Slovakia",2014,6.139,"Europe"
"1445","Slovakia",2015,6.162,"Europe"
"1446","Slovakia",2016,5.993,"Europe"
"1447","Slovakia",2017,6.366,"Europe"
"1448","Slovakia",2018,6.235,"Europe"
"1449","Slovakia",2019,6.243,"Europe"
"1450","Slovakia",2020,6.519,"Europe"
"1451","Slovenia",2006,5.811,"Europe"
"1452","Slovenia",2009,5.83,"Europe"
"1453","Slovenia",2010,6.083,"Europe"
"1454","Slovenia",2011,6.036,"Europe"
"1455","Slovenia",2012,6.063,"Europe"
"1456","Slovenia",2013,5.975,"Europe"
"1457","Slovenia",2014,5.678,"Europe"
"1458","Slovenia",2015,5.741,"Europe"
"1459","Slovenia",2016,5.937,"Europe"
"1460","Slovenia",2017,6.167,"Europe"
"1461","Slovenia",2018,6.249,"Europe"
"1462","Slovenia",2019,6.665,"Europe"
"1463","Slovenia",2020,6.462,"Europe"
"1464","Somalia",2014,5.528,"Africa"
"1465","Somalia",2015,5.354,"Africa"
"1466","Somalia",2016,4.668,"Africa"
"1467","South Africa",2006,5.084,"Africa"
"1468","South Africa",2007,5.204,"Africa"
"1469","South Africa",2008,5.346,"Africa"
"1470","South Africa",2009,5.218,"Africa"
"1471","South Africa",2010,4.652,"Africa"
"1472","South Africa",2011,4.931,"Africa"
"1473","South Africa",2012,5.134,"Africa"
"1474","South Africa",2013,3.661,"Africa"
"1475","South Africa",2014,4.828,"Africa"
"1476","South Africa",2015,4.887,"Africa"
"1477","South Africa",2016,4.77,"Africa"
"1478","South Africa",2017,4.514,"Africa"
"1479","South Africa",2018,4.884,"Africa"
"1480","South Africa",2019,5.035,"Africa"
"1481","South Africa",2020,4.947,"Africa"
"1482","South Korea",2006,5.332,"Asia"
"1483","South Korea",2007,5.767,"Asia"
"1484","South Korea",2008,5.39,"Asia"
"1485","South Korea",2009,5.648,"Asia"
"1486","South Korea",2010,6.116,"Asia"
"1487","South Korea",2011,6.947,"Asia"
"1488","South Korea",2012,6.003,"Asia"
"1489","South Korea",2013,5.959,"Asia"
"1490","South Korea",2014,5.801,"Asia"
"1491","South Korea",2015,5.78,"Asia"
"1492","South Korea",2016,5.971,"Asia"
"1493","South Korea",2017,5.874,"Asia"
"1494","South Korea",2018,5.84,"Asia"
"1495","South Korea",2019,5.903,"Asia"
"1496","South Korea",2020,5.793,"Asia"
"1497","South Sudan",2014,3.832,"Africa"
"1498","South Sudan",2015,4.071,"Africa"
"1499","South Sudan",2016,2.888,"Africa"
"1500","South Sudan",2017,2.817,"Africa"
"1501","Spain",2005,7.153,"Europe"
"1502","Spain",2007,6.995,"Europe"
"1503","Spain",2008,7.294,"Europe"
"1504","Spain",2009,6.199,"Europe"
"1505","Spain",2010,6.188,"Europe"
"1506","Spain",2011,6.518,"Europe"
"1507","Spain",2012,6.291,"Europe"
"1508","Spain",2013,6.15,"Europe"
"1509","Spain",2014,6.456,"Europe"
"1510","Spain",2015,6.381,"Europe"
"1511","Spain",2016,6.319,"Europe"
"1512","Spain",2017,6.23,"Europe"
"1513","Spain",2018,6.513,"Europe"
"1514","Spain",2019,6.457,"Europe"
"1515","Spain",2020,6.502,"Europe"
"1516","Sri Lanka",2006,4.345,"Asia"
"1517","Sri Lanka",2007,4.415,"Asia"
"1518","Sri Lanka",2008,4.431,"Asia"
"1519","Sri Lanka",2009,4.212,"Asia"
"1520","Sri Lanka",2010,3.977,"Asia"
"1521","Sri Lanka",2011,4.181,"Asia"
"1522","Sri Lanka",2012,4.225,"Asia"
"1523","Sri Lanka",2013,4.365,"Asia"
"1524","Sri Lanka",2014,4.268,"Asia"
"1525","Sri Lanka",2015,4.612,"Asia"
"1526","Sri Lanka",2017,4.331,"Asia"
"1527","Sri Lanka",2018,4.435,"Asia"
"1528","Sri Lanka",2019,4.213,"Asia"
"1529","Sudan",2009,4.455,"Africa"
"1530","Sudan",2010,4.435,"Africa"
"1531","Sudan",2011,4.314,"Africa"
"1532","Sudan",2012,4.55,"Africa"
"1533","Sudan",2014,4.139,"Africa"
"1534","Suriname",2012,6.269,"South America"
"1535","Sweden",2005,7.376,"Europe"
"1536","Sweden",2007,7.241,"Europe"
"1537","Sweden",2008,7.516,"Europe"
"1538","Sweden",2009,7.266,"Europe"
"1539","Sweden",2010,7.496,"Europe"
"1540","Sweden",2011,7.382,"Europe"
"1541","Sweden",2012,7.56,"Europe"
"1542","Sweden",2013,7.434,"Europe"
"1543","Sweden",2014,7.239,"Europe"
"1544","Sweden",2015,7.289,"Europe"
"1545","Sweden",2016,7.369,"Europe"
"1546","Sweden",2017,7.287,"Europe"
"1547","Sweden",2018,7.375,"Europe"
"1548","Sweden",2019,7.398,"Europe"
"1549","Sweden",2020,7.314,"Europe"
"1550","Switzerland",2006,7.473,"Europe"
"1551","Switzerland",2009,7.525,"Europe"
"1552","Switzerland",2012,7.776,"Europe"
"1553","Switzerland",2014,7.493,"Europe"
"1554","Switzerland",2015,7.572,"Europe"
"1555","Switzerland",2016,7.459,"Europe"
"1556","Switzerland",2017,7.474,"Europe"
"1557","Switzerland",2018,7.509,"Europe"
"1558","Switzerland",2019,7.694,"Europe"
"1559","Switzerland",2020,7.508,"Europe"
"1560","Syria",2008,5.323,"Asia"
"1561","Syria",2009,4.979,"Asia"
"1562","Syria",2010,4.465,"Asia"
"1563","Syria",2011,4.038,"Asia"
"1564","Syria",2012,3.164,"Asia"
"1565","Syria",2013,2.688,"Asia"
"1566","Syria",2015,3.462,"Asia"
"1567","Tajikistan",2006,4.613,"Asia"
"1568","Tajikistan",2007,4.432,"Asia"
"1569","Tajikistan",2008,5.064,"Asia"
"1570","Tajikistan",2009,4.575,"Asia"
"1571","Tajikistan",2010,4.381,"Asia"
"1572","Tajikistan",2011,4.263,"Asia"
"1573","Tajikistan",2012,4.497,"Asia"
"1574","Tajikistan",2013,4.967,"Asia"
"1575","Tajikistan",2014,4.896,"Asia"
"1576","Tajikistan",2015,5.124,"Asia"
"1577","Tajikistan",2016,5.104,"Asia"
"1578","Tajikistan",2017,5.829,"Asia"
"1579","Tajikistan",2018,5.497,"Asia"
"1580","Tajikistan",2019,5.464,"Asia"
"1581","Tajikistan",2020,5.373,"Asia"
"1582","Tanzania",2006,3.922,"Africa"
"1583","Tanzania",2007,4.318,"Africa"
"1584","Tanzania",2008,4.385,"Africa"
"1585","Tanzania",2009,3.408,"Africa"
"1586","Tanzania",2010,3.229,"Africa"
"1587","Tanzania",2011,4.074,"Africa"
"1588","Tanzania",2012,4.007,"Africa"
"1589","Tanzania",2013,3.852,"Africa"
"1590","Tanzania",2014,3.483,"Africa"
"1591","Tanzania",2015,3.661,"Africa"
"1592","Tanzania",2016,2.903,"Africa"
"1593","Tanzania",2017,3.347,"Africa"
"1594","Tanzania",2018,3.445,"Africa"
"1595","Tanzania",2019,3.64,"Africa"
"1596","Tanzania",2020,3.786,"Africa"
"1597","Thailand",2006,5.885,"Asia"
"1598","Thailand",2007,5.784,"Asia"
"1599","Thailand",2008,5.636,"Asia"
"1600","Thailand",2009,5.476,"Asia"
"1601","Thailand",2010,6.217,"Asia"
"1602","Thailand",2011,6.664,"Asia"
"1603","Thailand",2012,6.3,"Asia"
"1604","Thailand",2013,6.231,"Asia"
"1605","Thailand",2014,6.985,"Asia"
"1606","Thailand",2015,6.202,"Asia"
"1607","Thailand",2016,6.074,"Asia"
"1608","Thailand",2017,5.939,"Asia"
"1609","Thailand",2018,6.012,"Asia"
"1610","Thailand",2019,6.022,"Asia"
"1611","Thailand",2020,5.885,"Asia"
"1612","Togo",2006,3.202,"Africa"
"1613","Togo",2008,2.808,"Africa"
"1614","Togo",2011,2.936,"Africa"
"1615","Togo",2014,2.839,"Africa"
"1616","Togo",2015,3.768,"Africa"
"1617","Togo",2016,3.879,"Africa"
"1618","Togo",2017,4.361,"Africa"
"1619","Togo",2018,4.023,"Africa"
"1620","Togo",2019,4.179,"Africa"
"1621","Trinidad and Tobago",2006,5.832,"North America"
"1622","Trinidad and Tobago",2008,6.696,"North America"
"1623","Trinidad and Tobago",2011,6.519,"North America"
"1624","Trinidad and Tobago",2013,6.168,"North America"
"1625","Trinidad and Tobago",2017,6.192,"North America"
"1626","Tunisia",2009,5.025,"Africa"
"1627","Tunisia",2010,5.131,"Africa"
"1628","Tunisia",2011,4.876,"Africa"
"1629","Tunisia",2012,4.464,"Africa"
"1630","Tunisia",2013,5.246,"Africa"
"1631","Tunisia",2014,4.764,"Africa"
"1632","Tunisia",2015,5.132,"Africa"
"1633","Tunisia",2016,4.521,"Africa"
"1634","Tunisia",2017,4.124,"Africa"
"1635","Tunisia",2018,4.741,"Africa"
"1636","Tunisia",2019,4.315,"Africa"
"1637","Tunisia",2020,4.731,"Africa"
"1638","Turkey",2005,4.719,"Asia"
"1639","Turkey",2007,5.623,"Asia"
"1640","Turkey",2008,5.118,"Asia"
"1641","Turkey",2009,5.213,"Asia"
"1642","Turkey",2010,5.49,"Asia"
"1643","Turkey",2011,5.272,"Asia"
"1644","Turkey",2012,5.309,"Asia"
"1645","Turkey",2013,4.888,"Asia"
"1646","Turkey",2014,5.58,"Asia"
"1647","Turkey",2015,5.514,"Asia"
"1648","Turkey",2016,5.326,"Asia"
"1649","Turkey",2017,5.607,"Asia"
"1650","Turkey",2018,5.186,"Asia"
"1651","Turkey",2019,4.872,"Asia"
"1652","Turkey",2020,4.862,"Asia"
"1653","Turkmenistan",2009,6.568,"Asia"
"1654","Turkmenistan",2011,5.792,"Asia"
"1655","Turkmenistan",2012,5.464,"Asia"
"1656","Turkmenistan",2013,5.392,"Asia"
"1657","Turkmenistan",2014,5.787,"Asia"
"1658","Turkmenistan",2015,5.791,"Asia"
"1659","Turkmenistan",2016,5.887,"Asia"
"1660","Turkmenistan",2017,5.229,"Asia"
"1661","Turkmenistan",2018,4.621,"Asia"
"1662","Turkmenistan",2019,5.474,"Asia"
"1663","Uganda",2006,3.734,"Africa"
"1664","Uganda",2007,4.456,"Africa"
"1665","Uganda",2008,4.569,"Africa"
"1666","Uganda",2009,4.612,"Africa"
"1667","Uganda",2010,4.193,"Africa"
"1668","Uganda",2011,4.826,"Africa"
"1669","Uganda",2012,4.309,"Africa"
"1670","Uganda",2013,3.71,"Africa"
"1671","Uganda",2014,3.77,"Africa"
"1672","Uganda",2015,4.238,"Africa"
"1673","Uganda",2016,4.233,"Africa"
"1674","Uganda",2017,4.001,"Africa"
"1675","Uganda",2018,4.322,"Africa"
"1676","Uganda",2019,4.948,"Africa"
"1677","Uganda",2020,4.641,"Africa"
"1678","Ukraine",2006,4.804,"Europe"
"1679","Ukraine",2007,5.252,"Europe"
"1680","Ukraine",2008,5.172,"Europe"
"1681","Ukraine",2009,5.166,"Europe"
"1682","Ukraine",2010,5.058,"Europe"
"1683","Ukraine",2011,5.083,"Europe"
"1684","Ukraine",2012,5.03,"Europe"
"1685","Ukraine",2013,4.711,"Europe"
"1686","Ukraine",2014,4.297,"Europe"
"1687","Ukraine",2015,3.965,"Europe"
"1688","Ukraine",2016,4.029,"Europe"
"1689","Ukraine",2017,4.311,"Europe"
"1690","Ukraine",2018,4.662,"Europe"
"1691","Ukraine",2019,4.702,"Europe"
"1692","Ukraine",2020,5.27,"Europe"
"1693","United Arab Emirates",2006,6.734,"Asia"
"1694","United Arab Emirates",2009,6.866,"Asia"
"1695","United Arab Emirates",2010,7.097,"Asia"
"1696","United Arab Emirates",2011,7.119,"Asia"
"1697","United Arab Emirates",2012,7.218,"Asia"
"1698","United Arab Emirates",2013,6.621,"Asia"
"1699","United Arab Emirates",2014,6.54,"Asia"
"1700","United Arab Emirates",2015,6.568,"Asia"
"1701","United Arab Emirates",2016,6.831,"Asia"
"1702","United Arab Emirates",2017,7.039,"Asia"
"1703","United Arab Emirates",2018,6.604,"Asia"
"1704","United Arab Emirates",2019,6.711,"Asia"
"1705","United Arab Emirates",2020,6.458,"Asia"
"1706","United Kingdom",2005,6.984,"Europe"
"1707","United Kingdom",2007,6.802,"Europe"
"1708","United Kingdom",2008,6.986,"Europe"
"1709","United Kingdom",2009,6.907,"Europe"
"1710","United Kingdom",2010,7.029,"Europe"
"1711","United Kingdom",2011,6.869,"Europe"
"1712","United Kingdom",2012,6.881,"Europe"
"1713","United Kingdom",2013,6.918,"Europe"
"1714","United Kingdom",2014,6.758,"Europe"
"1715","United Kingdom",2015,6.515,"Europe"
"1716","United Kingdom",2016,6.824,"Europe"
"1717","United Kingdom",2017,7.103,"Europe"
"1718","United Kingdom",2018,7.233,"Europe"
"1719","United Kingdom",2019,7.157,"Europe"
"1720","United Kingdom",2020,6.798,"Europe"
"1721","United States",2006,7.182,"North America"
"1722","United States",2007,7.513,"North America"
"1723","United States",2008,7.28,"North America"
"1724","United States",2009,7.158,"North America"
"1725","United States",2010,7.164,"North America"
"1726","United States",2011,7.115,"North America"
"1727","United States",2012,7.026,"North America"
"1728","United States",2013,7.249,"North America"
"1729","United States",2014,7.151,"North America"
"1730","United States",2015,6.864,"North America"
"1731","United States",2016,6.804,"North America"
"1732","United States",2017,6.992,"North America"
"1733","United States",2018,6.883,"North America"
"1734","United States",2019,6.944,"North America"
"1735","United States",2020,7.028,"North America"
"1736","Uruguay",2006,5.786,"South America"
"1737","Uruguay",2007,5.694,"South America"
"1738","Uruguay",2008,5.664,"South America"
"1739","Uruguay",2009,6.296,"South America"
"1740","Uruguay",2010,6.062,"South America"
"1741","Uruguay",2011,6.554,"South America"
"1742","Uruguay",2012,6.45,"South America"
"1743","Uruguay",2013,6.444,"South America"
"1744","Uruguay",2014,6.561,"South America"
"1745","Uruguay",2015,6.628,"South America"
"1746","Uruguay",2016,6.171,"South America"
"1747","Uruguay",2017,6.336,"South America"
"1748","Uruguay",2018,6.372,"South America"
"1749","Uruguay",2019,6.6,"South America"
"1750","Uruguay",2020,6.31,"South America"
"1751","Uzbekistan",2006,5.232,"Asia"
"1752","Uzbekistan",2008,5.311,"Asia"
"1753","Uzbekistan",2009,5.261,"Asia"
"1754","Uzbekistan",2010,5.095,"Asia"
"1755","Uzbekistan",2011,5.739,"Asia"
"1756","Uzbekistan",2012,6.019,"Asia"
"1757","Uzbekistan",2013,5.94,"Asia"
"1758","Uzbekistan",2014,6.049,"Asia"
"1759","Uzbekistan",2015,5.972,"Asia"
"1760","Uzbekistan",2016,5.893,"Asia"
"1761","Uzbekistan",2017,6.421,"Asia"
"1762","Uzbekistan",2018,6.205,"Asia"
"1763","Uzbekistan",2019,6.154,"Asia"
"1764","Venezuela",2005,7.17,"South America"
"1765","Venezuela",2006,6.525,"South America"
"1766","Venezuela",2008,6.258,"South America"
"1767","Venezuela",2009,7.189,"South America"
"1768","Venezuela",2010,7.478,"South America"
"1769","Venezuela",2011,6.58,"South America"
"1770","Venezuela",2012,7.067,"South America"
"1771","Venezuela",2013,6.553,"South America"
"1772","Venezuela",2014,6.136,"South America"
"1773","Venezuela",2015,5.569,"South America"
"1774","Venezuela",2016,4.041,"South America"
"1775","Venezuela",2017,5.071,"South America"
"1776","Venezuela",2018,5.006,"South America"
"1777","Venezuela",2019,5.081,"South America"
"1778","Venezuela",2020,4.574,"South America"
"1779","Vietnam",2006,5.294,"Asia"
"1780","Vietnam",2007,5.422,"Asia"
"1781","Vietnam",2008,5.48,"Asia"
"1782","Vietnam",2009,5.304,"Asia"
"1783","Vietnam",2010,5.296,"Asia"
"1784","Vietnam",2011,5.767,"Asia"
"1785","Vietnam",2012,5.535,"Asia"
"1786","Vietnam",2013,5.023,"Asia"
"1787","Vietnam",2014,5.085,"Asia"
"1788","Vietnam",2015,5.076,"Asia"
"1789","Vietnam",2016,5.062,"Asia"
"1790","Vietnam",2017,5.175,"Asia"
"1791","Vietnam",2018,5.296,"Asia"
"1792","Vietnam",2019,5.467,"Asia"
"1793","Yemen",2007,4.477,"Asia"
"1794","Yemen",2009,4.809,"Asia"
"1795","Yemen",2010,4.35,"Asia"
"1796","Yemen",2011,3.746,"Asia"
"1797","Yemen",2012,4.061,"Asia"
"1798","Yemen",2013,4.218,"Asia"
"1799","Yemen",2014,3.968,"Asia"
"1800","Yemen",2015,2.983,"Asia"
"1801","Yemen",2016,3.826,"Asia"
"1802","Yemen",2017,3.254,"Asia"
"1803","Yemen",2018,3.058,"Asia"
"1804","Yemen",2019,4.197,"Asia"
"1805","Zambia",2006,4.824,"Africa"
"1806","Zambia",2007,3.998,"Africa"
"1807","Zambia",2008,4.73,"Africa"
"1808","Zambia",2009,5.26,"Africa"
"1809","Zambia",2011,4.999,"Africa"
"1810","Zambia",2012,5.013,"Africa"
"1811","Zambia",2013,5.244,"Africa"
"1812","Zambia",2014,4.346,"Africa"
"1813","Zambia",2015,4.843,"Africa"
"1814","Zambia",2016,4.348,"Africa"
"1815","Zambia",2017,3.933,"Africa"
"1816","Zambia",2018,4.041,"Africa"
"1817","Zambia",2019,3.307,"Africa"
"1818","Zambia",2020,4.838,"Africa"
"1819","Zimbabwe",2006,3.826,"Africa"
"1820","Zimbabwe",2007,3.28,"Africa"
"1821","Zimbabwe",2008,3.174,"Africa"
"1822","Zimbabwe",2009,4.056,"Africa"
"1823","Zimbabwe",2010,4.682,"Africa"
"1824","Zimbabwe",2011,4.846,"Africa"
"1825","Zimbabwe",2012,4.955,"Africa"
"1826","Zimbabwe",2013,4.69,"Africa"
"1827","Zimbabwe",2014,4.184,"Africa"
"1828","Zimbabwe",2015,3.703,"Africa"
"1829","Zimbabwe",2016,3.735,"Africa"
"1830","Zimbabwe",2017,3.638,"Africa"
"1831","Zimbabwe",2018,3.616,"Africa"
"1832","Zimbabwe",2019,2.694,"Africa"
"1833","Zimbabwe",2020,3.16,"Africa"
