"","region","year","literacy_rates","continent"
"1","Afghanistan",1979,18.157681,"Asia"
"2","Afghanistan",2011,31.741119,"Asia"
"3","Afghanistan",2015,38.168041,"Asia"
"4","Albania",2001,98.712982,"Europe"
"5","Albania",2008,95.938637,"Europe"
"6","Albania",2011,96.845299,"Europe"
"7","Albania",2012,97.246971,"Europe"
"8","Albania",2015,97.553902,"Europe"
"9","Algeria",1987,49.630878,"Africa"
"10","Algeria",2002,69.873497,"Africa"
"11","Algeria",2006,72.648682,"Africa"
"12","Algeria",2008,75.136047,"Africa"
"13","Algeria",2015,79.608398,"Africa"
"14","Andorra",2011,100,"Europe"
"15","Angola",2001,67.405418,"Africa"
"16","Angola",2014,70.991089,"Africa"
"17","Angola",2015,71.164162,"Africa"
"18","Antigua and Barbuda",2001,98.949997,"North America"
"19","Antigua and Barbuda",2014,98.949997,"North America"
"20","Argentina",1900,51.299999,"South America"
"21","Argentina",1910,60.400002,"South America"
"22","Argentina",1920,68.199997,"South America"
"23","Argentina",1930,74.900002,"South America"
"24","Argentina",1940,81.699997,"South America"
"25","Argentina",1950,87.599998,"South America"
"26","Argentina",1960,91.400002,"South America"
"27","Argentina",1970,93,"South America"
"28","Argentina",1979,94.199997,"South America"
"29","Argentina",1980,93.912857,"South America"
"30","Argentina",1991,96.128197,"South America"
"31","Argentina",2001,97.193314,"South America"
"32","Argentina",2014,98.034019,"South America"
"33","Argentina",2015,98.089973,"South America"
"34","Armenia",1989,98.751961,"Europe"
"35","Armenia",2001,99.400162,"Europe"
"36","Armenia",2011,99.744408,"Europe"
"37","Armenia",2015,99.768417,"Europe"
"38","Australia",2003,99,"Oceania"
"39","Austria",2011,98,"Europe"
"40","Azerbaijan",1999,98.791801,"Europe"
"41","Azerbaijan",2007,99.601913,"Europe"
"42","Azerbaijan",2009,99.759842,"Europe"
"43","Azerbaijan",2010,99.771141,"Europe"
"44","Azerbaijan",2011,99.778633,"Europe"
"45","Azerbaijan",2012,99.775772,"Europe"
"46","Azerbaijan",2013,99.78936,"Europe"
"47","Azerbaijan",2014,99.788986,"Europe"
"48","Azerbaijan",2015,99.80526,"Europe"
"49","Bahamas",2003,95.599998,"North America"
"50","Bahrain",1981,69.75351,"Asia"
"51","Bahrain",1991,84.013832,"Asia"
"52","Bahrain",2001,86.548737,"Asia"
"53","Bahrain",2010,94.556793,"Asia"
"54","Bahrain",2015,95.717262,"Asia"
"55","Bangladesh",1981,29.22723,"Asia"
"56","Bangladesh",1991,35.319302,"Asia"
"57","Bangladesh",2001,47.4855,"Asia"
"58","Bangladesh",2014,60.575218,"Asia"
"59","Bangladesh",2015,61.493832,"Asia"
"60","Barbados",1970,99.268082,"North America"
"61","Barbados",2002,99.699997,"North America"
"62","Belarus",1989,97.883369,"Europe"
"63","Belarus",1999,99.590729,"Europe"
"64","Belarus",2009,99.617058,"Europe"
"65","Belarus",2015,99.722038,"Europe"
"66","Belgium",1475,10,"Europe"
"67","Belgium",1550,17,"Europe"
"68","Belgium",1650,25,"Europe"
"69","Belgium",1750,13,"Europe"
"70","Belgium",2003,99,"Europe"
"71","Belize",1991,70.298424,"North America"
"72","Belize",2015,82.776817,"North America"
"73","Benin",1979,16.48279,"Africa"
"74","Benin",1992,27.245251,"Africa"
"75","Benin",2002,34.657848,"Africa"
"76","Benin",2006,28.70211,"Africa"
"77","Benin",2015,38.44714,"Africa"
"78","Bhutan",2005,52.81469,"Asia"
"79","Bhutan",2012,57.0336,"Asia"
"80","Bhutan",2015,63.906818,"Asia"
"81","Bolivia",1900,18,"South America"
"82","Bolivia",1910,20,"South America"
"83","Bolivia",1920,22,"South America"
"84","Bolivia",1930,25,"South America"
"85","Bolivia",1940,28,"South America"
"86","Bolivia",1950,32,"South America"
"87","Bolivia",1960,44,"South America"
"88","Bolivia",1970,58,"South America"
"89","Bolivia",1971,59,"South America"
"90","Bolivia",1972,60,"South America"
"91","Bolivia",1973,61,"South America"
"92","Bolivia",1974,62,"South America"
"93","Bolivia",1975,63,"South America"
"94","Bolivia",1976,63.208149,"South America"
"95","Bolivia",1992,79.991768,"South America"
"96","Bolivia",2001,86.723671,"South America"
"97","Bolivia",2007,90.743469,"South America"
"98","Bolivia",2008,90.698112,"South America"
"99","Bolivia",2009,91.167831,"South America"
"100","Bolivia",2011,92.226151,"South America"
"101","Bolivia",2012,94.460571,"South America"
"102","Bolivia",2015,95.141922,"South America"
"103","Bosnia and Herzegovina",1991,87.82251,"Europe"
"104","Bosnia and Herzegovina",2000,96.663101,"Europe"
"105","Bosnia and Herzegovina",2014,98.377647,"Europe"
"106","Bosnia and Herzegovina",2015,98.485764,"Europe"
"107","Botswana",1991,68.58091,"Africa"
"108","Botswana",2003,81.188713,"Africa"
"109","Botswana",2014,87.707512,"Africa"
"110","Botswana",2015,88.224411,"Africa"
"111","Brazil",1900,35,"South America"
"112","Brazil",1910,35,"South America"
"113","Brazil",1920,35,"South America"
"114","Brazil",1930,39,"South America"
"115","Brazil",1940,44,"South America"
"116","Brazil",1950,49,"South America"
"117","Brazil",1960,60,"South America"
"118","Brazil",1970,68,"South America"
"119","Brazil",1979,75,"South America"
"120","Brazil",1980,74.586731,"South America"
"121","Brazil",2000,86.367882,"South America"
"122","Brazil",2004,88.616241,"South America"
"123","Brazil",2006,89.615227,"South America"
"124","Brazil",2007,90.009369,"South America"
"125","Brazil",2008,90.036621,"South America"
"126","Brazil",2009,90.29821,"South America"
"127","Brazil",2010,90.379181,"South America"
"128","Brazil",2011,91.41124,"South America"
"129","Brazil",2012,91.337852,"South America"
"130","Brazil",2013,91.484238,"South America"
"131","Brazil",2015,92.586807,"South America"
"132","Brunei",1981,77.834213,"Asia"
"133","Brunei",1991,87.804176,"Asia"
"134","Brunei",2001,92.671127,"Asia"
"135","Brunei",2011,96.085564,"Asia"
"136","Brunei",2015,96.656532,"Asia"
"137","Bulgaria",2001,98.20356,"Europe"
"138","Bulgaria",2011,98.352448,"Europe"
"139","Bulgaria",2015,98.38858,"Europe"
"140","Burundi",1979,22.508551,"Africa"
"141","Burundi",1990,37.38472,"Africa"
"142","Burundi",2000,59.303619,"Africa"
"143","Burundi",2008,86.947868,"Africa"
"144","Burundi",2015,85.496094,"Africa"
"145","Cambodia",1998,67.33503,"Asia"
"146","Cambodia",2004,73.609947,"Asia"
"147","Cambodia",2008,77.58654,"Asia"
"148","Cambodia",2009,73.900032,"Asia"
"149","Cambodia",2015,78.34594,"Asia"
"150","Cameroon",1976,41.216209,"Africa"
"151","Cameroon",2000,68.409157,"Africa"
"152","Cameroon",2007,70.679939,"Africa"
"153","Cameroon",2010,71.290512,"Africa"
"154","Cameroon",2015,74.98558,"Africa"
"155","Canada",2003,99,"North America"
"156","Cape Verde",1990,62.79686,"Africa"
"157","Cape Verde",2004,80.019722,"Africa"
"158","Cape Verde",2012,85.327789,"Africa"
"159","Cape Verde",2015,88.465424,"Africa"
"160","Central African Republic",1975,18.23617,"Africa"
"161","Central African Republic",1988,33.62442,"Africa"
"162","Central African Republic",2000,50.645168,"Africa"
"163","Central African Republic",2010,36.752609,"Africa"
"164","Central African Republic",2015,36.752609,"Africa"
"165","Chad",1993,10.89465,"Africa"
"166","Chad",2000,25.654209,"Africa"
"167","Chad",2004,28.38143,"Africa"
"168","Chad",2014,39.049671,"Africa"
"169","Chad",2015,40.018242,"Africa"
"170","Chile",1900,43,"South America"
"171","Chile",1910,53,"South America"
"172","Chile",1920,63,"South America"
"173","Chile",1930,75,"South America"
"174","Chile",1940,73,"South America"
"175","Chile",1950,79,"South America"
"176","Chile",1960,84,"South America"
"177","Chile",1970,88,"South America"
"178","Chile",1979,91,"South America"
"179","Chile",1980,92,"South America"
"180","Chile",1982,91.128403,"South America"
"181","Chile",1992,94.291138,"South America"
"182","Chile",2002,95.716621,"South America"
"183","Chile",2008,98.64901,"South America"
"184","Chile",2009,98.55368,"South America"
"185","Chile",2011,96.703011,"South America"
"186","Chile",2013,96.270683,"South America"
"187","Chile",2015,96.627548,"South America"
"188","China",1982,65.505089,"Asia"
"189","China",1990,77.785057,"Asia"
"190","China",2000,90.920212,"Asia"
"191","China",2010,95.124481,"Asia"
"192","China",2015,96.357452,"Asia"
"193","Colombia",1900,34,"South America"
"194","Colombia",1910,39,"South America"
"195","Colombia",1920,44,"South America"
"196","Colombia",1930,52,"South America"
"197","Colombia",1940,57,"South America"
"198","Colombia",1950,62,"South America"
"199","Colombia",1960,70,"South America"
"200","Colombia",1970,78,"South America"
"201","Colombia",1971,79,"South America"
"202","Colombia",1972,79,"South America"
"203","Colombia",1973,80,"South America"
"204","Colombia",1974,81,"South America"
"205","Colombia",1975,81,"South America"
"206","Colombia",1976,82,"South America"
"207","Colombia",1977,82,"South America"
"208","Colombia",1978,83,"South America"
"209","Colombia",1979,84,"South America"
"210","Colombia",1980,84,"South America"
"211","Colombia",1981,85,"South America"
"212","Colombia",1993,91.063087,"South America"
"213","Colombia",1996,91.207161,"South America"
"214","Colombia",2004,92.80378,"South America"
"215","Colombia",2005,92.848663,"South America"
"216","Colombia",2006,92.299683,"South America"
"217","Colombia",2007,92.651787,"South America"
"218","Colombia",2008,93.378181,"South America"
"219","Colombia",2009,93.24469,"South America"
"220","Colombia",2010,93.37233,"South America"
"221","Colombia",2011,93.580528,"South America"
"222","Colombia",2014,94.183456,"South America"
"223","Colombia",2015,94.577057,"South America"
"224","Comoros",1980,47.919231,"Africa"
"225","Comoros",2000,68.489227,"Africa"
"226","Comoros",2014,77.573273,"Africa"
"227","Comoros",2015,78.13739,"Africa"
"228","Congo",2011,79.311172,"Africa"
"229","Congo",2015,79.311172,"Africa"
"230","Costa Rica",1900,36,"North America"
"231","Costa Rica",1910,46,"North America"
"232","Costa Rica",1920,57,"North America"
"233","Costa Rica",1930,67,"North America"
"234","Costa Rica",1940,73,"North America"
"235","Costa Rica",1950,79,"North America"
"236","Costa Rica",1960,83,"North America"
"237","Costa Rica",1970,88,"North America"
"238","Costa Rica",1971,89,"North America"
"239","Costa Rica",1972,89,"North America"
"240","Costa Rica",1973,89,"North America"
"241","Costa Rica",1974,90,"North America"
"242","Costa Rica",1975,90,"North America"
"243","Costa Rica",1976,90,"North America"
"244","Costa Rica",1977,91,"North America"
"245","Costa Rica",1978,91,"North America"
"246","Costa Rica",1979,91,"North America"
"247","Costa Rica",1980,92,"North America"
"248","Costa Rica",1981,92,"North America"
"249","Costa Rica",1982,92,"North America"
"250","Costa Rica",1983,92,"North America"
"251","Costa Rica",1984,92.629044,"North America"
"252","Costa Rica",2000,94.868187,"North America"
"253","Costa Rica",2011,97.406578,"North America"
"254","Costa Rica",2015,97.647247,"North America"
"255","Cote d'Ivoire",1988,34.139278,"Africa"
"256","Cote d'Ivoire",1998,36.350239,"Africa"
"257","Cote d'Ivoire",2000,48.740761,"Africa"
"258","Cote d'Ivoire",2012,40.981628,"Africa"
"259","Cote d'Ivoire",2015,43.26532,"Africa"
"260","Croatia",1991,96.701553,"Europe"
"261","Croatia",2001,98.146683,"Europe"
"262","Croatia",2011,99.125359,"Europe"
"263","Croatia",2015,99.272591,"Europe"
"264","Cuba",1900,46,"North America"
"265","Cuba",1910,57,"North America"
"266","Cuba",1920,64,"North America"
"267","Cuba",1930,71,"North America"
"268","Cuba",1940,76,"North America"
"269","Cuba",1950,78,"North America"
"270","Cuba",1960,79,"North America"
"271","Cuba",1970,89,"North America"
"272","Cuba",1971,90,"North America"
"273","Cuba",1972,90,"North America"
"274","Cuba",1973,90,"North America"
"275","Cuba",1974,91,"North America"
"276","Cuba",1975,91,"North America"
"277","Cuba",1976,91,"North America"
"278","Cuba",1977,92,"North America"
"279","Cuba",1978,92,"North America"
"280","Cuba",1979,92,"North America"
"281","Cuba",1980,93,"North America"
"282","Cuba",1981,97.846649,"North America"
"283","Cuba",2002,99.799072,"North America"
"284","Cuba",2012,99.752533,"North America"
"285","Cuba",2015,99.710716,"North America"
"286","Cyprus",1992,94.362473,"Europe"
"287","Cyprus",2001,96.803627,"Europe"
"288","Cyprus",2011,98.678429,"Europe"
"289","Cyprus",2015,99.059776,"Europe"
"290","Czechia",2011,99,"Europe"
"291","Democratic Republic of Congo",2001,67.172989,"Africa"
"292","Democratic Republic of Congo",2007,61.205551,"Africa"
"293","Democratic Republic of Congo",2012,75.017189,"Africa"
"294","Democratic Republic of Congo",2015,77.221672,"Africa"
"295","Denmark",2003,99,"Europe"
"296","Djibouti",2003,67.900002,"Africa"
"297","Dominica",2003,94,"North America"
"298","Dominican Republic",1920,29,"North America"
"299","Dominican Republic",1930,26,"North America"
"300","Dominican Republic",1940,30,"North America"
"301","Dominican Republic",1950,43,"North America"
"302","Dominican Republic",1960,64,"North America"
"303","Dominican Republic",1970,67,"North America"
"304","Dominican Republic",1971,68,"North America"
"305","Dominican Republic",1972,68,"North America"
"306","Dominican Republic",1973,69,"North America"
"307","Dominican Republic",1974,70,"North America"
"308","Dominican Republic",1975,70,"North America"
"309","Dominican Republic",1976,71,"North America"
"310","Dominican Republic",1977,72,"North America"
"311","Dominican Republic",1978,73,"North America"
"312","Dominican Republic",1979,73,"North America"
"313","Dominican Republic",1980,74,"North America"
"314","Dominican Republic",1981,73.064568,"North America"
"315","Dominican Republic",2002,86.996468,"North America"
"316","Dominican Republic",2007,88.244461,"North America"
"317","Dominican Republic",2010,89.538727,"North America"
"318","Dominican Republic",2011,90.10627,"North America"
"319","Dominican Republic",2012,90.155182,"North America"
"320","Dominican Republic",2013,90.858147,"North America"
"321","Dominican Republic",2014,91.763771,"North America"
"322","Dominican Republic",2015,92.465424,"North America"
"323","Ecuador",1900,33,"South America"
"324","Ecuador",1910,38,"South America"
"325","Ecuador",1920,42,"South America"
"326","Ecuador",1930,46,"South America"
"327","Ecuador",1940,51,"South America"
"328","Ecuador",1950,56,"South America"
"329","Ecuador",1960,65,"South America"
"330","Ecuador",1970,74,"South America"
"331","Ecuador",1971,75,"South America"
"332","Ecuador",1972,76,"South America"
"333","Ecuador",1973,77,"South America"
"334","Ecuador",1974,77,"South America"
"335","Ecuador",1975,78,"South America"
"336","Ecuador",1976,79,"South America"
"337","Ecuador",1977,80,"South America"
"338","Ecuador",1978,80,"South America"
"339","Ecuador",1979,81,"South America"
"340","Ecuador",1980,82,"South America"
"341","Ecuador",1981,82,"South America"
"342","Ecuador",1982,83.552689,"South America"
"343","Ecuador",1990,88.298759,"South America"
"344","Ecuador",2001,90.984032,"South America"
"345","Ecuador",2007,84.192719,"South America"
"346","Ecuador",2009,84.206963,"South America"
"347","Ecuador",2010,91.854042,"South America"
"348","Ecuador",2011,91.586899,"South America"
"349","Ecuador",2012,92.064728,"South America"
"350","Ecuador",2013,93.294632,"South America"
"351","Ecuador",2014,94.222649,"South America"
"352","Ecuador",2015,94.515472,"South America"
"353","Egypt",1976,38.196758,"Africa"
"354","Egypt",1986,44.423988,"Africa"
"355","Egypt",1996,55.587002,"Africa"
"356","Egypt",2005,71.408859,"Africa"
"357","Egypt",2006,66.369911,"Africa"
"358","Egypt",2010,72.047852,"Africa"
"359","Egypt",2012,73.865593,"Africa"
"360","Egypt",2013,75.06073,"Africa"
"361","Egypt",2015,75.842621,"Africa"
"362","El Salvador",1900,26,"North America"
"363","El Salvador",1910,27,"North America"
"364","El Salvador",1920,27,"North America"
"365","El Salvador",1930,28,"North America"
"366","El Salvador",1940,35,"North America"
"367","El Salvador",1950,42,"North America"
"368","El Salvador",1960,48,"North America"
"369","El Salvador",1970,58,"North America"
"370","El Salvador",1971,59,"North America"
"371","El Salvador",1972,60,"North America"
"372","El Salvador",1973,61,"North America"
"373","El Salvador",1974,61,"North America"
"374","El Salvador",1975,62,"North America"
"375","El Salvador",1992,74.143158,"North America"
"376","El Salvador",2004,80.778358,"North America"
"377","El Salvador",2006,83.559464,"North America"
"378","El Salvador",2007,82.028633,"North America"
"379","El Salvador",2008,83.951302,"North America"
"380","El Salvador",2009,84.10289,"North America"
"381","El Salvador",2010,84.492722,"North America"
"382","El Salvador",2011,85.493988,"North America"
"383","El Salvador",2013,86.767578,"North America"
"384","El Salvador",2015,87.648216,"North America"
"385","Equatorial Guinea",2000,88.308296,"Africa"
"386","Equatorial Guinea",2014,94.956741,"Africa"
"387","Equatorial Guinea",2015,95.195663,"Africa"
"388","Eritrea",2002,52.51395,"Africa"
"389","Eritrea",2014,72.790489,"Africa"
"390","Eritrea",2015,73.845253,"Africa"
"391","Estonia",1989,99.72644,"Europe"
"392","Estonia",2000,99.767197,"Europe"
"393","Estonia",2011,99.885788,"Europe"
"394","Estonia",2015,99.823509,"Europe"
"395","Ethiopia",1994,27.01136,"Africa"
"396","Ethiopia",2004,35.900002,"Africa"
"397","Ethiopia",2005,29.820339,"Africa"
"398","Ethiopia",2007,38.995979,"Africa"
"399","Ethiopia",2015,49.031521,"Africa"
"400","Fiji",2003,93.699997,"Oceania"
"401","Finland",2000,100,"Europe"
"402","France",1475,6,"Europe"
"403","France",1550,19,"Europe"
"404","France",1650,29,"Europe"
"405","France",1750,29,"Europe"
"406","France",1820,38,"Europe"
"407","France",1870,69,"Europe"
"408","France",2003,99,"Europe"
"409","Gabon",1993,72.233673,"Africa"
"410","Gabon",2004,81.84552,"Africa"
"411","Gabon",2012,82.283798,"Africa"
"412","Gabon",2015,83.237877,"Africa"
"413","Gambia",2000,36.81773,"Africa"
"414","Gambia",2014,54.387562,"Africa"
"415","Gambia",2015,55.572762,"Africa"
"416","Georgia",2002,99.652351,"Europe"
"417","Georgia",2014,99.752243,"Europe"
"418","Georgia",2015,99.759621,"Europe"
"419","Germany",1475,9,"Europe"
"420","Germany",1550,16,"Europe"
"421","Germany",1650,31,"Europe"
"422","Germany",1750,38,"Europe"
"423","Germany",2003,99,"Europe"
"424","Ghana",2000,57.897469,"Africa"
"425","Ghana",2010,71.49707,"Africa"
"426","Ghana",2015,76.575897,"Africa"
"427","Greece",1981,90.512321,"Europe"
"428","Greece",1991,92.610451,"Europe"
"429","Greece",2001,95.994362,"Europe"
"430","Greece",2014,97.532379,"Europe"
"431","Greece",2015,95.29287,"Europe"
"432","Grenada",1970,97.794472,"North America"
"433","Grenada",2003,96,"North America"
"434","Guatemala",1900,12,"North America"
"435","Guatemala",1910,13,"North America"
"436","Guatemala",1920,15,"North America"
"437","Guatemala",1930,19,"North America"
"438","Guatemala",1940,24,"North America"
"439","Guatemala",1950,29,"North America"
"440","Guatemala",1960,35,"North America"
"441","Guatemala",1970,45,"North America"
"442","Guatemala",1971,46,"North America"
"443","Guatemala",1972,47,"North America"
"444","Guatemala",1973,48,"North America"
"445","Guatemala",1974,48,"North America"
"446","Guatemala",1975,49,"North America"
"447","Guatemala",1976,50,"North America"
"448","Guatemala",1977,51,"North America"
"449","Guatemala",1978,52,"North America"
"450","Guatemala",1979,52,"North America"
"451","Guatemala",1994,64.211639,"North America"
"452","Guatemala",2002,69.10173,"North America"
"453","Guatemala",2012,78.264862,"North America"
"454","Guatemala",2013,77.038673,"North America"
"455","Guatemala",2014,81.285896,"North America"
"456","Guatemala",2015,79.074211,"North America"
"457","Guinea",1996,20.553749,"Africa"
"458","Guinea",2003,29.70402,"Africa"
"459","Guinea",2010,25.307739,"Africa"
"460","Guinea",2015,30.47279,"Africa"
"461","Guinea-Bissau",1979,19.95825,"Africa"
"462","Guinea-Bissau",2000,41.357769,"Africa"
"463","Guinea-Bissau",2014,58.729321,"Africa"
"464","Guinea-Bissau",2015,59.77285,"Africa"
"465","Guyana",2009,84.994011,"South America"
"466","Guyana",2015,87.535316,"South America"
"467","Haiti",1900,8,"North America"
"468","Haiti",1910,8,"North America"
"469","Haiti",1920,8,"North America"
"470","Haiti",1930,8,"North America"
"471","Haiti",1940,9,"North America"
"472","Haiti",1950,11,"North America"
"473","Haiti",1960,16,"North America"
"474","Haiti",1970,22,"North America"
"475","Haiti",1971,23,"North America"
"476","Haiti",1972,24,"North America"
"477","Haiti",1973,25,"North America"
"478","Haiti",1974,25,"North America"
"479","Haiti",1975,26,"North America"
"480","Haiti",1976,27,"North America"
"481","Haiti",1977,28,"North America"
"482","Haiti",1978,29,"North America"
"483","Haiti",1979,30,"North America"
"484","Haiti",1980,31,"North America"
"485","Haiti",1981,31,"North America"
"486","Haiti",1982,34.734692,"North America"
"487","Haiti",2003,58.7439,"North America"
"488","Haiti",2006,48.68502,"North America"
"489","Haiti",2015,60.68935,"North America"
"490","Honduras",1900,28,"North America"
"491","Honduras",1910,30,"North America"
"492","Honduras",1920,32,"North America"
"493","Honduras",1930,33,"North America"
"494","Honduras",1940,35,"North America"
"495","Honduras",1950,40,"North America"
"496","Honduras",1960,44,"North America"
"497","Honduras",1970,53,"North America"
"498","Honduras",1971,54,"North America"
"499","Honduras",1972,55,"North America"
"500","Honduras",1973,56,"North America"
"501","Honduras",1974,57,"North America"
"502","Honduras",1975,58,"North America"
"503","Honduras",1976,58,"North America"
"504","Honduras",1977,59,"North America"
"505","Honduras",1978,60,"North America"
"506","Honduras",1979,61,"North America"
"507","Honduras",1980,61,"North America"
"508","Honduras",1981,62,"North America"
"509","Honduras",1982,63,"North America"
"510","Honduras",1983,64,"North America"
"511","Honduras",1984,64,"North America"
"512","Honduras",1985,65,"North America"
"513","Honduras",1986,66,"North America"
"514","Honduras",1987,66,"North America"
"515","Honduras",1988,67,"North America"
"516","Honduras",1989,68,"North America"
"517","Honduras",2001,80.011032,"North America"
"518","Honduras",2007,83.588989,"North America"
"519","Honduras",2010,84.755363,"North America"
"520","Honduras",2011,85.123306,"North America"
"521","Honduras",2012,85.355553,"North America"
"522","Honduras",2013,85.464417,"North America"
"523","Honduras",2014,87.197533,"North America"
"524","Honduras",2015,88.424583,"North America"
"525","Hungary",1980,98.858292,"Europe"
"526","Hungary",1994,98.982071,"Europe"
"527","Hungary",2004,99.029221,"Europe"
"528","Hungary",2014,99.050117,"Europe"
"529","Hungary",2015,99.380882,"Europe"
"530","Iceland",2003,99,"Europe"
"531","India",1981,40.763592,"Asia"
"532","India",1991,48.222069,"Asia"
"533","India",2001,61.014561,"Asia"
"534","India",2006,62.754471,"Asia"
"535","India",2011,69.302559,"Asia"
"536","India",2015,72.225304,"Asia"
"537","Indonesia",1980,67.312668,"Asia"
"538","Indonesia",1990,81.519852,"Asia"
"539","Indonesia",2004,90.384789,"Asia"
"540","Indonesia",2006,91.982269,"Asia"
"541","Indonesia",2008,92.192299,"Asia"
"542","Indonesia",2009,92.581703,"Asia"
"543","Indonesia",2011,92.811913,"Asia"
"544","Indonesia",2014,95.116219,"Asia"
"545","Indonesia",2015,95.437683,"Asia"
"546","Iran",1976,36.518398,"Asia"
"547","Iran",1986,52.319759,"Asia"
"548","Iran",1991,65.531403,"Asia"
"549","Iran",1996,73.060249,"Asia"
"550","Iran",2002,77,"Asia"
"551","Iran",2005,82.4412,"Asia"
"552","Iran",2006,82.331322,"Asia"
"553","Iran",2008,82.962303,"Asia"
"554","Iran",2012,83.625992,"Asia"
"555","Iran",2013,84.626801,"Asia"
"556","Iran",2015,87.172531,"Asia"
"557","Iraq",2000,74.0522,"Asia"
"558","Iraq",2014,79.5187,"Asia"
"559","Iraq",2015,79.721764,"Asia"
"560","Ireland",1475,0,"Europe"
"561","Ireland",1550,0,"Europe"
"562","Ireland",1650,3,"Europe"
"563","Ireland",1750,21,"Europe"
"564","Ireland",2003,99,"Europe"
"565","Israel",1983,91.751411,"Asia"
"566","Israel",2004,97.099998,"Asia"
"567","Italy",1475,15,"Europe"
"568","Italy",1550,18,"Europe"
"569","Italy",1650,23,"Europe"
"570","Italy",1750,23,"Europe"
"571","Italy",1820,22,"Europe"
"572","Italy",1870,32,"Europe"
"573","Italy",1981,96.460541,"Europe"
"574","Italy",2001,98.416618,"Europe"
"575","Italy",2011,98.848282,"Europe"
"576","Italy",2015,99.015793,"Europe"
"577","Jamaica",1999,79.92012,"North America"
"578","Jamaica",2014,88.132248,"North America"
"579","Jamaica",2015,88.499901,"North America"
"580","Japan",2002,99,"Asia"
"581","Jordan",1979,66.796806,"Asia"
"582","Jordan",2003,89.892319,"Asia"
"583","Jordan",2005,91.130753,"Asia"
"584","Jordan",2007,92.199577,"Asia"
"585","Jordan",2010,92.551041,"Asia"
"586","Jordan",2011,95.904449,"Asia"
"587","Jordan",2012,97.89032,"Asia"
"588","Jordan",2015,98.014351,"Asia"
"589","Kazakhstan",1989,97.529381,"Asia"
"590","Kazakhstan",1999,99.512657,"Asia"
"591","Kazakhstan",2009,99.732407,"Asia"
"592","Kazakhstan",2015,99.787849,"Asia"
"593","Kenya",2000,82.22908,"Africa"
"594","Kenya",2007,72.157028,"Africa"
"595","Kenya",2015,78.023399,"Africa"
"596","Kuwait",1975,59.564388,"Asia"
"597","Kuwait",1980,67.517662,"Asia"
"598","Kuwait",1985,74.490868,"Asia"
"599","Kuwait",1995,78.3955,"Asia"
"600","Kuwait",2005,93.27446,"Asia"
"601","Kuwait",2006,93.28212,"Asia"
"602","Kuwait",2007,93.664192,"Asia"
"603","Kuwait",2008,93.906212,"Asia"
"604","Kuwait",2012,95.513168,"Asia"
"605","Kuwait",2013,95.585823,"Asia"
"606","Kuwait",2015,96.117706,"Asia"
"607","Kyrgyzstan",1999,98.701607,"Asia"
"608","Kyrgyzstan",2009,99.241402,"Asia"
"609","Kyrgyzstan",2015,99.50132,"Asia"
"610","Laos",1995,60.251331,"Asia"
"611","Laos",2000,69.583122,"Asia"
"612","Laos",2001,68.73439,"Asia"
"613","Laos",2005,72.702263,"Asia"
"614","Laos",2015,79.867462,"Asia"
"615","Latvia",1989,99.452301,"Europe"
"616","Latvia",2000,99.746567,"Europe"
"617","Latvia",2011,99.895897,"Europe"
"618","Latvia",2015,99.892693,"Europe"
"619","Lebanon",2007,89.612442,"Asia"
"620","Lebanon",2015,94.051102,"Asia"
"621","Lesotho",2000,86.254433,"Africa"
"622","Lesotho",2009,75.800201,"Africa"
"623","Lesotho",2015,79.360931,"Africa"
"624","Liberia",1984,32.10677,"Africa"
"625","Liberia",1994,42.66605,"Africa"
"626","Liberia",2004,43.108372,"Africa"
"627","Liberia",2007,42.941078,"Africa"
"628","Liberia",2015,47.60014,"Africa"
"629","Libya",1984,60.164391,"Africa"
"630","Libya",1994,76.505203,"Africa"
"631","Libya",2004,85.416817,"Africa"
"632","Libya",2014,91.041443,"Africa"
"633","Libya",2015,91.38887,"Africa"
"634","Liechtenstein",2011,100,"Europe"
"635","Lithuania",1989,98.441269,"Europe"
"636","Lithuania",2001,99.645752,"Europe"
"637","Lithuania",2011,99.815598,"Europe"
"638","Lithuania",2015,99.82328,"Europe"
"639","Luxembourg",2000,100,"Europe"
"640","Madagascar",2000,70.686172,"Africa"
"641","Madagascar",2009,64.480911,"Africa"
"642","Madagascar",2015,64.656303,"Africa"
"643","Malawi",1987,48.536652,"Africa"
"644","Malawi",1998,64.134247,"Africa"
"645","Malawi",2010,61.309719,"Africa"
"646","Malawi",2015,65.963829,"Africa"
"647","Malaysia",1980,69.516327,"Asia"
"648","Malaysia",1991,82.915367,"Asia"
"649","Malaysia",2000,88.687759,"Asia"
"650","Malaysia",2010,93.117889,"Asia"
"651","Malaysia",2015,94.636993,"Asia"
"652","Maldives",1977,82.299957,"Asia"
"653","Maldives",1985,92.230049,"Asia"
"654","Maldives",1990,96.018257,"Asia"
"655","Maldives",1995,96.3265,"Asia"
"656","Maldives",2000,96.3265,"Asia"
"657","Maldives",2006,98.397903,"Asia"
"658","Maldives",2015,99.321022,"Asia"
"659","Mali",1976,9.4338102,"Africa"
"660","Mali",1998,19.04497,"Africa"
"661","Mali",2003,24,"Africa"
"662","Mali",2006,26.17655,"Africa"
"663","Mali",2010,31.099751,"Africa"
"664","Mali",2011,33.56094,"Africa"
"665","Mali",2015,33.068871,"Africa"
"666","Malta",1985,85.653717,"Europe"
"667","Malta",1995,87.868698,"Europe"
"668","Malta",2005,92.363091,"Europe"
"669","Malta",2011,93.307358,"Europe"
"670","Malta",2015,94.066612,"Europe"
"671","Marshall Islands",2011,98.265083,"Oceania"
"672","Marshall Islands",2015,98.265083,"Oceania"
"673","Mauritania",2000,51.20768,"Africa"
"674","Mauritania",2007,45.50378,"Africa"
"675","Mauritania",2015,52.123562,"Africa"
"676","Mauritius",1990,79.86866,"Africa"
"677","Mauritius",2000,84.303093,"Africa"
"678","Mauritius",2011,89.24984,"Africa"
"679","Mauritius",2012,91.766006,"Africa"
"680","Mauritius",2013,91.490028,"Africa"
"681","Mauritius",2014,92.474762,"Africa"
"682","Mauritius",2015,90.616043,"Africa"
"683","Mexico",1900,24,"North America"
"684","Mexico",1910,30,"North America"
"685","Mexico",1920,35,"North America"
"686","Mexico",1930,36,"North America"
"687","Mexico",1940,46,"North America"
"688","Mexico",1950,60,"North America"
"689","Mexico",1960,65,"North America"
"690","Mexico",1970,75,"North America"
"691","Mexico",1979,82,"North America"
"692","Mexico",1980,82.989243,"North America"
"693","Mexico",1990,87.556152,"North America"
"694","Mexico",2000,90.535622,"North America"
"695","Mexico",2002,90.274651,"North America"
"696","Mexico",2004,90.953743,"North America"
"697","Mexico",2005,91.630272,"North America"
"698","Mexico",2006,91.73452,"North America"
"699","Mexico",2007,92.795174,"North America"
"700","Mexico",2008,92.925598,"North America"
"701","Mexico",2009,93.441879,"North America"
"702","Mexico",2010,93.068939,"North America"
"703","Mexico",2011,93.519981,"North America"
"704","Mexico",2012,94.228401,"North America"
"705","Mexico",2013,93.962852,"North America"
"706","Mexico",2014,94.555878,"North America"
"707","Mexico",2015,94.545593,"North America"
"708","Micronesia",1980,89,"Oceania"
"709","Moldova",1989,96.377548,"Europe"
"710","Moldova",2000,96.653801,"Europe"
"711","Moldova",2014,99.34346,"Europe"
"712","Moldova",2015,99.244392,"Europe"
"713","Monaco",2003,99,"Europe"
"714","Mongolia",2000,97.768852,"Asia"
"715","Mongolia",2010,98.257004,"Asia"
"716","Mongolia",2015,98.367638,"Asia"
"717","Montenegro",1981,89.635109,"Europe"
"718","Montenegro",1991,93.462997,"Europe"
"719","Montenegro",2003,97.77346,"Europe"
"720","Montenegro",2011,98.442207,"Europe"
"721","Montenegro",2015,98.719948,"Europe"
"722","Morocco",1982,30.257799,"Africa"
"723","Morocco",1994,41.594109,"Africa"
"724","Morocco",2004,52.306259,"Africa"
"725","Morocco",2008,55.147919,"Africa"
"726","Morocco",2009,56.083672,"Africa"
"727","Morocco",2011,67.08416,"Africa"
"728","Morocco",2015,71.710548,"Africa"
"729","Mozambique",1980,27.10178,"Africa"
"730","Mozambique",1997,38.707878,"Africa"
"731","Mozambique",2003,48.15884,"Africa"
"732","Mozambique",2009,50.583809,"Africa"
"733","Mozambique",2015,58.836552,"Africa"
"734","Namibia",1991,75.816582,"Africa"
"735","Namibia",2001,85.041283,"Africa"
"736","Namibia",2007,76.486588,"Africa"
"737","Namibia",2011,89.400993,"Africa"
"738","Namibia",2015,90.820503,"Africa"
"739","Nepal",1981,20.573669,"Asia"
"740","Nepal",1991,32.97559,"Asia"
"741","Nepal",2001,48.608971,"Asia"
"742","Nepal",2011,59.627251,"Asia"
"743","Nepal",2015,64.663643,"Asia"
"744","Netherlands",1475,17,"Europe"
"745","Netherlands",1550,12,"Europe"
"746","Netherlands",1650,53,"Europe"
"747","Netherlands",1750,85,"Europe"
"748","Netherlands",2003,99,"Europe"
"749","New Zealand",2003,99,"Oceania"
"750","Nicaragua",1920,39,"North America"
"751","Nicaragua",1930,39,"North America"
"752","Nicaragua",1940,38,"North America"
"753","Nicaragua",1950,38,"North America"
"754","Nicaragua",1960,47,"North America"
"755","Nicaragua",1970,57,"North America"
"756","Nicaragua",1971,57,"North America"
"757","Nicaragua",1972,58,"North America"
"758","Nicaragua",1973,58,"North America"
"759","Nicaragua",1974,59,"North America"
"760","Nicaragua",1975,59,"North America"
"761","Nicaragua",1976,59,"North America"
"762","Nicaragua",1977,60,"North America"
"763","Nicaragua",1978,60,"North America"
"764","Nicaragua",1979,61,"North America"
"765","Nicaragua",1980,61,"North America"
"766","Nicaragua",1981,61,"North America"
"767","Nicaragua",1982,62,"North America"
"768","Nicaragua",1983,62,"North America"
"769","Nicaragua",1984,63,"North America"
"770","Nicaragua",1985,63,"North America"
"771","Nicaragua",1986,63,"North America"
"772","Nicaragua",1987,64,"North America"
"773","Nicaragua",1988,64,"North America"
"774","Nicaragua",1989,64,"North America"
"775","Nicaragua",1990,65,"North America"
"776","Nicaragua",1991,65,"North America"
"777","Nicaragua",1992,65,"North America"
"778","Nicaragua",1993,66,"North America"
"779","Nicaragua",1994,66,"North America"
"780","Nicaragua",1995,67,"North America"
"781","Nicaragua",1996,67,"North America"
"782","Nicaragua",1997,67,"North America"
"783","Nicaragua",1998,68,"North America"
"784","Nicaragua",1999,68,"North America"
"785","Nicaragua",2000,66,"North America"
"786","Nicaragua",2001,76.677132,"North America"
"787","Nicaragua",2005,78.002983,"North America"
"788","Nicaragua",2015,82.471848,"North America"
"789","Niger",2001,14.37604,"Africa"
"790","Niger",2005,28.672421,"Africa"
"791","Niger",2012,15.4567,"Africa"
"792","Niger",2015,19.1026,"Africa"
"793","Nigeria",1991,55.446751,"Africa"
"794","Nigeria",2003,54.773178,"Africa"
"795","Nigeria",2008,51.07766,"Africa"
"796","Nigeria",2015,59.568081,"Africa"
"797","North Korea",2008,99.99826,"Asia"
"798","North Korea",2015,99.999237,"Asia"
"799","Norway",2011,100,"Europe"
"800","Oman",2003,81.363312,"Asia"
"801","Oman",2008,86.62114,"Asia"
"802","Oman",2010,87.201721,"Asia"
"803","Oman",2014,91.981201,"Asia"
"804","Oman",2015,93.971649,"Asia"
"805","Pakistan",1981,25.725189,"Asia"
"806","Pakistan",1998,42.69931,"Asia"
"807","Pakistan",2005,49.873638,"Asia"
"808","Pakistan",2006,54.151211,"Asia"
"809","Pakistan",2008,55.526371,"Asia"
"810","Pakistan",2009,54.892639,"Asia"
"811","Pakistan",2010,55.375191,"Asia"
"812","Pakistan",2011,54.738022,"Asia"
"813","Pakistan",2012,56.764339,"Asia"
"814","Pakistan",2013,55.59499,"Asia"
"815","Pakistan",2015,56.440311,"Asia"
"816","Palau",1980,91.921417,"Oceania"
"817","Palau",1994,94.433296,"Oceania"
"818","Palau",2004,96.989799,"Oceania"
"819","Palau",2013,99.523972,"Oceania"
"820","Palau",2015,99.523972,"Oceania"
"821","Panama",1900,17,"North America"
"822","Panama",1910,27,"North America"
"823","Panama",1920,42,"North America"
"824","Panama",1930,46,"North America"
"825","Panama",1940,58,"North America"
"826","Panama",1950,67,"North America"
"827","Panama",1960,73,"North America"
"828","Panama",1970,79,"North America"
"829","Panama",1971,80,"North America"
"830","Panama",1972,80,"North America"
"831","Panama",1973,81,"North America"
"832","Panama",1974,81,"North America"
"833","Panama",1975,82,"North America"
"834","Panama",1976,83,"North America"
"835","Panama",1977,83,"North America"
"836","Panama",1978,84,"North America"
"837","Panama",1979,84,"North America"
"838","Panama",1980,88.071739,"North America"
"839","Panama",1990,88.779861,"North America"
"840","Panama",2000,91.89962,"North America"
"841","Panama",2010,94.094116,"North America"
"842","Panama",2015,95.038231,"North America"
"843","Papua New Guinea",2000,57.343262,"Oceania"
"844","Papua New Guinea",2014,63.096088,"Oceania"
"845","Papua New Guinea",2015,63.433491,"Oceania"
"846","Paraguay",1900,31,"South America"
"847","Paraguay",1910,38,"South America"
"848","Paraguay",1920,45,"South America"
"849","Paraguay",1930,52,"South America"
"850","Paraguay",1940,59,"South America"
"851","Paraguay",1950,66,"South America"
"852","Paraguay",1960,73,"South America"
"853","Paraguay",1970,80,"South America"
"854","Paraguay",1971,80,"South America"
"855","Paraguay",1972,81,"South America"
"856","Paraguay",1973,82,"South America"
"857","Paraguay",1974,82,"South America"
"858","Paraguay",1975,83,"South America"
"859","Paraguay",1976,84,"South America"
"860","Paraguay",1977,84,"South America"
"861","Paraguay",1978,85,"South America"
"862","Paraguay",1979,85,"South America"
"863","Paraguay",1980,86,"South America"
"864","Paraguay",1981,86,"South America"
"865","Paraguay",1982,87,"South America"
"866","Paraguay",1992,90.27182,"South America"
"867","Paraguay",2007,94.55822,"South America"
"868","Paraguay",2008,93.292084,"South America"
"869","Paraguay",2009,93.754242,"South America"
"870","Paraguay",2010,93.870918,"South America"
"871","Paraguay",2014,94.616722,"South America"
"872","Paraguay",2015,95.53611,"South America"
"873","Peru",1900,24,"South America"
"874","Peru",1910,29,"South America"
"875","Peru",1920,33,"South America"
"876","Peru",1930,37,"South America"
"877","Peru",1940,42,"South America"
"878","Peru",1950,51,"South America"
"879","Peru",1960,60,"South America"
"880","Peru",1970,72,"South America"
"881","Peru",1979,79,"South America"
"882","Peru",1980,79,"South America"
"883","Peru",1981,81.918457,"South America"
"884","Peru",1993,87.150627,"South America"
"885","Peru",2004,87.669853,"South America"
"886","Peru",2005,87.908669,"South America"
"887","Peru",2006,88.699341,"South America"
"888","Peru",2007,89.590813,"South America"
"889","Peru",2012,93.841721,"South America"
"890","Peru",2014,93.707947,"South America"
"891","Peru",2015,94.374352,"South America"
"892","Philippines",1980,83.31723,"Asia"
"893","Philippines",1990,93.573898,"Asia"
"894","Philippines",2000,92.60006,"Asia"
"895","Philippines",2003,92.590691,"Asia"
"896","Philippines",2008,95.420097,"Asia"
"897","Philippines",2013,96.398003,"Asia"
"898","Philippines",2015,96.618027,"Asia"
"899","Poland",1475,0,"Europe"
"900","Poland",1550,0,"Europe"
"901","Poland",1650,3,"Europe"
"902","Poland",1750,5,"Europe"
"903","Poland",1978,98.742737,"Europe"
"904","Poland",1994,99.402367,"Europe"
"905","Poland",2004,99.617943,"Europe"
"906","Poland",2014,99.774109,"Europe"
"907","Poland",2015,99.787422,"Europe"
"908","Portugal",1981,79.435608,"Europe"
"909","Portugal",1991,87.947853,"Europe"
"910","Portugal",2011,94.477051,"Europe"
"911","Portugal",2015,95.428108,"Europe"
"912","Qatar",1986,75.63504,"Asia"
"913","Qatar",1997,83.262161,"Asia"
"914","Qatar",2004,88.962387,"Asia"
"915","Qatar",2007,93.082741,"Asia"
"916","Qatar",2008,93.989731,"Asia"
"917","Qatar",2009,94.724289,"Asia"
"918","Qatar",2010,96.283737,"Asia"
"919","Qatar",2011,96.406868,"Asia"
"920","Qatar",2012,96.678589,"Asia"
"921","Qatar",2013,97.477852,"Asia"
"922","Qatar",2014,97.746689,"Asia"
"923","Qatar",2015,97.757088,"Asia"
"924","Romania",1992,96.709976,"Europe"
"925","Romania",2002,97.297592,"Europe"
"926","Romania",2011,98.604286,"Europe"
"927","Romania",2015,98.757027,"Europe"
"928","Rwanda",1978,38.243431,"Africa"
"929","Rwanda",1991,57.853489,"Africa"
"930","Rwanda",2000,64.888603,"Africa"
"931","Rwanda",2010,65.852272,"Africa"
"932","Rwanda",2012,68.331032,"Africa"
"933","Rwanda",2015,71.2435,"Africa"
"934","Saint Kitts and Nevis",2003,97.800003,"North America"
"935","Saint Lucia",2001,90.099998,"North America"
"936","Saint Vincent and the Grenadines",1970,95.632156,"North America"
"937","Samoa",1991,97.944328,"Oceania"
"938","Samoa",2004,98.540482,"Oceania"
"939","Samoa",2011,98.973259,"Oceania"
"940","Samoa",2015,99.015007,"Oceania"
"941","San Marino",2011,96,"Europe"
"942","Sao Tome and Principe",1981,57.324261,"Africa"
"943","Sao Tome and Principe",1991,73.242416,"Africa"
"944","Sao Tome and Principe",2001,84.908508,"Africa"
"945","Sao Tome and Principe",2008,69.536392,"Africa"
"946","Sao Tome and Principe",2012,90.143097,"Africa"
"947","Sao Tome and Principe",2015,91.747108,"Africa"
"948","Saudi Arabia",1992,70.821648,"Asia"
"949","Saudi Arabia",2000,79.350937,"Asia"
"950","Saudi Arabia",2004,82.857742,"Asia"
"951","Saudi Arabia",2013,94.426338,"Asia"
"952","Saudi Arabia",2015,94.842369,"Asia"
"953","Senegal",1988,26.868851,"Africa"
"954","Senegal",2002,39.275249,"Africa"
"955","Senegal",2006,41.891151,"Africa"
"956","Senegal",2009,49.695129,"Africa"
"957","Senegal",2011,52.05196,"Africa"
"958","Senegal",2013,42.817501,"Africa"
"959","Senegal",2015,55.624851,"Africa"
"960","Serbia",2003,96.39724,"Europe"
"961","Serbia",2011,97.96241,"Europe"
"962","Serbia",2015,98.002892,"Europe"
"963","Seychelles",1987,84.229218,"Africa"
"964","Seychelles",1994,87.81115,"Africa"
"965","Seychelles",2002,91.836456,"Africa"
"966","Seychelles",2010,93.954231,"Africa"
"967","Seychelles",2015,95.321083,"Africa"
"968","Sierra Leone",2004,34.82679,"Africa"
"969","Sierra Leone",2014,47.186241,"Africa"
"970","Sierra Leone",2015,48.4319,"Africa"
"971","Singapore",1980,82.906052,"Asia"
"972","Singapore",1990,89.096001,"Asia"
"973","Singapore",2000,92.5494,"Asia"
"974","Singapore",2010,95.85733,"Asia"
"975","Singapore",2011,96.179337,"Asia"
"976","Singapore",2012,96.36306,"Asia"
"977","Singapore",2013,96.540154,"Asia"
"978","Singapore",2014,96.71666,"Asia"
"979","Singapore",2015,96.774628,"Asia"
"980","Slovakia",2004,99.599998,"Europe"
"981","Slovenia",1991,99.524521,"Europe"
"982","Slovenia",2004,99.651787,"Europe"
"983","Slovenia",2014,99.710052,"Europe"
"984","Slovenia",2015,99.71476,"Europe"
"985","Solomon Islands",1999,76.599998,"Oceania"
"986","Solomon Islands",2011,84.099998,"Oceania"
"987","Somalia",2001,37.799999,"Africa"
"988","South Africa",1980,76.200493,"Africa"
"989","South Africa",1996,82.4021,"Africa"
"990","South Africa",2007,88.717247,"Africa"
"991","South Africa",2009,92.894859,"Africa"
"992","South Africa",2010,92.877319,"Africa"
"993","South Africa",2011,93.102142,"Africa"
"994","South Africa",2012,93.729469,"Africa"
"995","South Africa",2014,94.1399,"Africa"
"996","South Africa",2015,94.597939,"Africa"
"997","South Korea",2008,97.965942,"Asia"
"998","South Sudan",2008,26.83128,"Africa"
"999","South Sudan",2015,31.97625,"Africa"
"1000","Spain",1475,3,"Europe"
"1001","Spain",1550,4,"Europe"
"1002","Spain",1650,5,"Europe"
"1003","Spain",1750,8,"Europe"
"1004","Spain",1820,20,"Europe"
"1005","Spain",1870,30,"Europe"
"1006","Spain",1981,92.809769,"Europe"
"1007","Spain",1991,96.494972,"Europe"
"1008","Spain",2004,97.165123,"Europe"
"1009","Spain",2005,97.750687,"Europe"
"1010","Spain",2007,97.938843,"Europe"
"1011","Spain",2008,97.630608,"Europe"
"1012","Spain",2009,97.679268,"Europe"
"1013","Spain",2010,97.748901,"Europe"
"1014","Spain",2011,97.783752,"Europe"
"1015","Spain",2012,97.894539,"Europe"
"1016","Spain",2013,98.079132,"Europe"
"1017","Spain",2014,98.093979,"Europe"
"1018","Spain",2015,98.11451,"Europe"
"1019","Sri Lanka",1981,86.777924,"Asia"
"1020","Sri Lanka",2001,90.682747,"Asia"
"1021","Sri Lanka",2006,90.80883,"Asia"
"1022","Sri Lanka",2008,90.557953,"Asia"
"1023","Sri Lanka",2010,91.181358,"Asia"
"1024","Sri Lanka",2015,92.614166,"Asia"
"1025","Sudan",2000,61.345871,"Africa"
"1026","Sudan",2008,53.51738,"Africa"
"1027","Sudan",2015,58.601318,"Africa"
"1028","Suriname",2004,89.598061,"South America"
"1029","Suriname",2008,94.620941,"South America"
"1030","Suriname",2010,94.675751,"South America"
"1031","Suriname",2015,95.538986,"South America"
"1032","Sweden",1475,1,"Europe"
"1033","Sweden",1550,1,"Europe"
"1034","Sweden",1650,23,"Europe"
"1035","Sweden",1750,48,"Europe"
"1036","Sweden",1820,75,"Europe"
"1037","Sweden",1870,80,"Europe"
"1038","Sweden",2003,99,"Europe"
"1039","Switzerland",2003,99,"Europe"
"1040","Syria",1981,55.654499,"Asia"
"1041","Syria",2002,82.888252,"Asia"
"1042","Syria",2004,80.844521,"Asia"
"1043","Syria",2014,85.915817,"Asia"
"1044","Syria",2015,86.303932,"Asia"
"1045","Tajikistan",1989,97.694023,"Asia"
"1046","Tajikistan",2000,99.451248,"Asia"
"1047","Tajikistan",2014,99.76841,"Asia"
"1048","Tajikistan",2015,99.781052,"Asia"
"1049","Tanzania",1988,59.1138,"Africa"
"1050","Tanzania",2002,69.430901,"Africa"
"1051","Tanzania",2010,67.800697,"Africa"
"1052","Tanzania",2012,78.100594,"Africa"
"1053","Tanzania",2015,80.359497,"Africa"
"1054","Thailand",1980,87.981758,"Asia"
"1055","Thailand",2000,92.646538,"Asia"
"1056","Thailand",2005,93.506477,"Asia"
"1057","Thailand",2010,96.430908,"Asia"
"1058","Thailand",2013,93.702072,"Asia"
"1059","Thailand",2015,93.983017,"Asia"
"1060","Togo",2000,53.177601,"Africa"
"1061","Togo",2006,56.888371,"Africa"
"1062","Togo",2009,57.09338,"Africa"
"1063","Togo",2011,60.409939,"Africa"
"1064","Togo",2015,66.53759,"Africa"
"1065","Tonga",1976,99.592461,"Oceania"
"1066","Tonga",1996,98.905373,"Oceania"
"1067","Tonga",2006,99.018463,"Oceania"
"1068","Tonga",2011,99.385529,"Oceania"
"1069","Tonga",2015,99.397858,"Oceania"
"1070","Trinidad and Tobago",1980,94.970322,"North America"
"1071","Trinidad and Tobago",1990,96.938553,"North America"
"1072","Trinidad and Tobago",2004,98.288513,"North America"
"1073","Trinidad and Tobago",2014,98.919487,"North America"
"1074","Trinidad and Tobago",2015,98.969582,"North America"
"1075","Tunisia",1984,48.190701,"Africa"
"1076","Tunisia",1994,59.06181,"Africa"
"1077","Tunisia",2004,74.296997,"Africa"
"1078","Tunisia",2007,77.190399,"Africa"
"1079","Tunisia",2008,77.561127,"Africa"
"1080","Tunisia",2010,79.130577,"Africa"
"1081","Tunisia",2011,79.653908,"Africa"
"1082","Tunisia",2012,80.21875,"Africa"
"1083","Tunisia",2015,81.054192,"Africa"
"1084","Turkey",1975,61.627682,"Asia"
"1085","Turkey",1980,65.694344,"Asia"
"1086","Turkey",1985,75.968239,"Asia"
"1087","Turkey",1990,79.232452,"Asia"
"1088","Turkey",2004,87.365494,"Asia"
"1089","Turkey",2005,88.229057,"Asia"
"1090","Turkey",2006,88.119392,"Asia"
"1091","Turkey",2007,88.655899,"Asia"
"1092","Turkey",2009,90.816719,"Asia"
"1093","Turkey",2010,92.660599,"Asia"
"1094","Turkey",2011,94.106087,"Asia"
"1095","Turkey",2012,94.919746,"Asia"
"1096","Turkey",2013,95.25666,"Asia"
"1097","Turkey",2014,95.439629,"Asia"
"1098","Turkey",2015,95.688103,"Asia"
"1099","Turkmenistan",1995,98.77832,"Asia"
"1100","Turkmenistan",2014,99.672852,"Asia"
"1101","Turkmenistan",2015,99.692932,"Asia"
"1102","Uganda",1991,56.10738,"Africa"
"1103","Uganda",2002,68.142509,"Africa"
"1104","Uganda",2006,71.373138,"Africa"
"1105","Uganda",2010,73.211884,"Africa"
"1106","Uganda",2012,70.198219,"Africa"
"1107","Uganda",2015,73.809837,"Africa"
"1108","Ukraine",2001,99.430412,"Europe"
"1109","Ukraine",2014,99.753471,"Europe"
"1110","Ukraine",2015,99.764107,"Europe"
"1111","United Arab Emirates",1975,53.514881,"Asia"
"1112","United Arab Emirates",1985,71.235298,"Asia"
"1113","United Arab Emirates",2005,90.033852,"Asia"
"1114","United Arab Emirates",2015,92.986366,"Asia"
"1115","United Kingdom",1475,5,"Europe"
"1116","United Kingdom",1550,16,"Europe"
"1117","United Kingdom",1650,53,"Europe"
"1118","United Kingdom",1750,54,"Europe"
"1119","United Kingdom",1820,53,"Europe"
"1120","United Kingdom",1870,76,"Europe"
"1121","United Kingdom",2003,99,"Europe"
"1122","United States",1870,80,"North America"
"1123","United States",1880,83,"North America"
"1124","United States",1890,86.699997,"North America"
"1125","United States",1900,89.300003,"North America"
"1126","United States",1910,92.300003,"North America"
"1127","United States",1920,94,"North America"
"1128","United States",1930,95.699997,"North America"
"1129","United States",1940,97.099998,"North America"
"1130","United States",1947,97.300003,"North America"
"1131","United States",1950,96.800003,"North America"
"1132","United States",1952,97.5,"North America"
"1133","United States",1959,97.800003,"North America"
"1134","United States",1969,99,"North America"
"1135","United States",1979,99.400002,"North America"
"1136","United States",2003,99,"North America"
"1137","Uruguay",1900,59,"South America"
"1138","Uruguay",1910,65,"South America"
"1139","Uruguay",1920,70,"South America"
"1140","Uruguay",1930,76,"South America"
"1141","Uruguay",1940,81,"South America"
"1142","Uruguay",1950,86,"South America"
"1143","Uruguay",1960,89,"South America"
"1144","Uruguay",1970,93,"South America"
"1145","Uruguay",1971,93,"South America"
"1146","Uruguay",1972,93,"South America"
"1147","Uruguay",1973,93,"South America"
"1148","Uruguay",1974,94,"South America"
"1149","Uruguay",1975,93.861069,"South America"
"1150","Uruguay",1985,95.379982,"South America"
"1151","Uruguay",1996,96.781807,"South America"
"1152","Uruguay",2006,97.789627,"South America"
"1153","Uruguay",2007,97.863892,"South America"
"1154","Uruguay",2008,98.163559,"South America"
"1155","Uruguay",2009,98.267899,"South America"
"1156","Uruguay",2010,98.072708,"South America"
"1157","Uruguay",2011,98.335899,"South America"
"1158","Uruguay",2012,98.395943,"South America"
"1159","Uruguay",2013,98.363869,"South America"
"1160","Uruguay",2014,98.435928,"South America"
"1161","Uruguay",2015,98.442101,"South America"
"1162","Uzbekistan",2000,98.642578,"Asia"
"1163","Uzbekistan",2013,99.994858,"Asia"
"1164","Uzbekistan",2014,99.980553,"Asia"
"1165","Uzbekistan",2015,99.995193,"Asia"
"1166","Vanuatu",1979,52.87392,"Oceania"
"1167","Vanuatu",1994,68.46003,"Oceania"
"1168","Vanuatu",1999,74,"Oceania"
"1169","Vanuatu",2004,78.080978,"Oceania"
"1170","Vanuatu",2014,84.510811,"Oceania"
"1171","Vanuatu",2015,85.058678,"Oceania"
"1172","Venezuela",1900,28,"South America"
"1173","Venezuela",1910,29,"South America"
"1174","Venezuela",1920,32,"South America"
"1175","Venezuela",1930,36,"South America"
"1176","Venezuela",1940,42,"South America"
"1177","Venezuela",1950,51,"South America"
"1178","Venezuela",1960,62,"South America"
"1179","Venezuela",1970,76,"South America"
"1180","Venezuela",1971,77,"South America"
"1181","Venezuela",1972,78,"South America"
"1182","Venezuela",1973,79,"South America"
"1183","Venezuela",1974,80,"South America"
"1184","Venezuela",1975,80,"South America"
"1185","Venezuela",1976,81,"South America"
"1186","Venezuela",1977,82,"South America"
"1187","Venezuela",1978,83,"South America"
"1188","Venezuela",1979,83,"South America"
"1189","Venezuela",1980,84,"South America"
"1190","Venezuela",1981,84.732201,"South America"
"1191","Venezuela",1990,89.825249,"South America"
"1192","Venezuela",2001,92.979828,"South America"
"1193","Venezuela",2007,95.15464,"South America"
"1194","Venezuela",2009,95.511993,"South America"
"1195","Venezuela",2011,94.770218,"South America"
"1196","Venezuela",2015,95.399246,"South America"
"1197","Vietnam",1979,83.825943,"Asia"
"1198","Vietnam",1989,87.596451,"Asia"
"1199","Vietnam",1999,90.278297,"Asia"
"1200","Vietnam",2000,90.156128,"Asia"
"1201","Vietnam",2009,93.520447,"Asia"
"1202","Vietnam",2015,94.514267,"Asia"
"1203","Yemen",1994,37.09,"Asia"
"1204","Yemen",2004,54.199181,"Asia"
"1205","Yemen",2014,68.789421,"Asia"
"1206","Yemen",2015,69.961952,"Asia"
"1207","Zambia",1990,64.99826,"Africa"
"1208","Zambia",1999,68.001793,"Africa"
"1209","Zambia",2002,69.149223,"Africa"
"1210","Zambia",2007,61.428291,"Africa"
"1211","Zambia",2010,83.007668,"Africa"
"1212","Zambia",2015,85.117264,"Africa"
"1213","Zimbabwe",1982,77.794167,"Africa"
"1214","Zimbabwe",1992,83.512581,"Africa"
"1215","Zimbabwe",2011,83.58271,"Africa"
"1216","Zimbabwe",2015,86.873482,"Africa"
